section	key	probe	message
CSV	PROJ4_SPCS_nad27.csv:00019	0	crs-tgt: epsg:0
CSV	PROJ4_SPCS_nad27.csv:00020	0	crs-tgt: epsg:0
CSV	PROJ4_SPCS_nad27.csv:00021	0	crs-tgt: epsg:0
CSV	PROJ4_SPCS_nad27.csv:00022	0	crs-tgt: epsg:0
CSV	PROJ4_SPCS_nad27.csv:00023	0	crs-tgt: epsg:0
CSV	PROJ4_SPCS_nad27.csv:00024	0	crs-tgt: epsg:0
CSV	PROJ4_SPCS_nad27.csv:00025	0	crs-tgt: epsg:0
CSV	PROJ4_SPCS_nad27.csv:00026	0	crs-tgt: epsg:0
CSV	PROJ4_SPCS_nad27.csv:00027	0	crs-tgt: epsg:0
CSV	PROJ4_SPCS_nad27.csv:00028	0	crs-tgt: epsg:0
CSV	PROJ4_SPCS_nad27.csv:00029	0	crs-tgt: epsg:0
CSV	PROJ4_SPCS_nad27.csv:00030	0	crs-tgt: epsg:0
CSV	PROJ4_SPCS_nad27.csv:00031	0	crs-tgt: epsg:0
CSV	PROJ4_SPCS_nad27.csv:00032	0	crs-tgt: epsg:0
CSV	PROJ4_SPCS_nad27.csv:00033	0	crs-tgt: epsg:0
CSV	PROJ4_SPCS_nad27.csv:00034	0	crs-tgt: epsg:0
CSV	PROJ4_SPCS_nad27.csv:00035	0	crs-tgt: epsg:0
CSV	PROJ4_SPCS_nad27.csv:00036	0	crs-tgt: epsg:0
CSV	PROJ4_SPCS_nad27.csv:00037	0	crs-tgt: epsg:0
CSV	PROJ4_SPCS_nad27.csv:00038	0	crs-tgt: epsg:0
CSV	PROJ4_SPCS_nad27.csv:00039	0	crs-tgt: epsg:0
CSV	PROJ4_SPCS_nad27.csv:00040	0	crs-tgt: epsg:0
CSV	PROJ4_SPCS_nad27.csv:00041	0	crs-tgt: epsg:0
CSV	PROJ4_SPCS_nad27.csv:00042	0	crs-tgt: epsg:0
CSV	PROJ4_SPCS_nad27.csv:00043	0	crs-tgt: epsg:0
CSV	PROJ4_SPCS_nad27.csv:00044	0	crs-tgt: epsg:0
CSV	PROJ4_SPCS_nad27.csv:00045	0	crs-tgt: epsg:0
CSV	PROJ4_SPCS_nad27.csv:00046	0	crs-tgt: epsg:0
CSV	PROJ4_SPCS_nad27.csv:00047	0	crs-tgt: epsg:0
CSV	PROJ4_SPCS_nad27.csv:00048	0	crs-tgt: epsg:0
CSV	PROJ4_SPCS_nad27.csv:00049	0	crs-tgt: epsg:0
CSV	PROJ4_SPCS_nad27.csv:00050	0	crs-tgt: epsg:0
CSV	PROJ4_SPCS_nad27.csv:00051	0	crs-tgt: epsg:0
CSV	PROJ4_SPCS_nad27.csv:00052	0	crs-tgt: epsg:0
CSV	PROJ4_SPCS_nad27.csv:00053	0	crs-tgt: epsg:0
CSV	PROJ4_SPCS_nad27.csv:00054	0	crs-tgt: epsg:0
CSV	PROJ4_SPCS_nad27.csv:00055	0	crs-tgt: epsg:0
CSV	PROJ4_SPCS_nad27.csv:00056	0	crs-tgt: epsg:0
CSV	PROJ4_SPCS_nad27.csv:00057	0	crs-tgt: epsg:0
CSV	PROJ4_SPCS_nad27.csv:00058	0	crs-tgt: epsg:0
CSV	PROJ4_SPCS_nad27.csv:00059	0	crs-tgt: epsg:0
CSV	PROJ4_SPCS_nad27.csv:00060	0	crs-tgt: epsg:0
CSV	PROJ4_SPCS_nad27.csv:00061	0	crs-tgt: epsg:0
CSV	PROJ4_SPCS_nad27.csv:00062	0	crs-tgt: epsg:0
CSV	PROJ4_SPCS_nad27.csv:00063	0	crs-tgt: epsg:0
CSV	PROJ4_SPCS_nad27.csv:00064	0	crs-tgt: epsg:0
CSV	PROJ4_SPCS_nad27.csv:00065	0	crs-tgt: epsg:0
CSV	PROJ4_SPCS_nad27.csv:00066	0	crs-tgt: epsg:0
CSV	PROJ4_SPCS_nad27.csv:00067	0	crs-tgt: epsg:0
CSV	PROJ4_SPCS_nad27.csv:00068	0	crs-tgt: epsg:0
CSV	PROJ4_SPCS_nad27.csv:00069	0	crs-tgt: epsg:0
CSV	PROJ4_SPCS_nad27.csv:00070	0	crs-tgt: epsg:0
CSV	PROJ4_SPCS_nad27.csv:00071	0	crs-tgt: epsg:0
CSV	PROJ4_SPCS_nad27.csv:00072	0	crs-tgt: epsg:0
CSV	PROJ4_SPCS_nad27.csv:00073	0	crs-tgt: epsg:0
CSV	PROJ4_SPCS_nad27.csv:00074	0	crs-tgt: epsg:0
CSV	PROJ4_SPCS_nad27.csv:00075	0	crs-tgt: epsg:0
CSV	PROJ4_SPCS_nad27.csv:00076	0	crs-tgt: epsg:0
CSV	PROJ4_SPCS_nad27.csv:00077	0	crs-tgt: epsg:0
CSV	PROJ4_SPCS_nad27.csv:00078	0	crs-tgt: epsg:0
CSV	PROJ4_SPCS_nad27.csv:00079	0	crs-tgt: epsg:0
CSV	PROJ4_SPCS_nad27.csv:00080	0	crs-tgt: epsg:0
CSV	PROJ4_SPCS_nad27.csv:00081	0	crs-tgt: epsg:0
CSV	PROJ4_SPCS_nad27.csv:00082	0	crs-tgt: epsg:0
CSV	PROJ4_SPCS_nad27.csv:00083	0	crs-tgt: epsg:0
CSV	PROJ4_SPCS_nad27.csv:00084	0	crs-tgt: epsg:0
CSV	PROJ4_SPCS_nad27.csv:00085	0	crs-tgt: epsg:0
CSV	PROJ4_SPCS_nad27.csv:00086	0	crs-tgt: epsg:0
CSV	PROJ4_SPCS_nad27.csv:00087	0	crs-tgt: epsg:0
CSV	PROJ4_SPCS_nad27.csv:00088	0	crs-tgt: epsg:0
CSV	PROJ4_SPCS_nad27.csv:00089	0	crs-tgt: epsg:0
CSV	PROJ4_SPCS_nad27.csv:00090	0	crs-tgt: epsg:0
CSV	PROJ4_SPCS_nad27.csv:00091	0	crs-tgt: epsg:0
CSV	PROJ4_SPCS_nad27.csv:00092	0	crs-tgt: epsg:0
CSV	PROJ4_SPCS_nad27.csv:00093	0	crs-tgt: epsg:0
CSV	PROJ4_SPCS_nad27.csv:00094	0	crs-tgt: epsg:0
CSV	PROJ4_SPCS_nad27.csv:00095	0	crs-tgt: epsg:0
CSV	PROJ4_SPCS_nad27.csv:00096	0	crs-tgt: epsg:0
CSV	PROJ4_SPCS_nad27.csv:00097	0	crs-tgt: epsg:0
CSV	PROJ4_SPCS_nad27.csv:00098	0	crs-tgt: epsg:0
CSV	PROJ4_SPCS_nad27.csv:00099	0	crs-tgt: epsg:0
CSV	PROJ4_SPCS_nad27.csv:00100	0	crs-tgt: epsg:0
CSV	PROJ4_SPCS_nad27.csv:00101	0	crs-tgt: epsg:0
CSV	PROJ4_SPCS_nad27.csv:00102	0	crs-tgt: epsg:0
CSV	PROJ4_SPCS_nad27.csv:00103	0	crs-tgt: epsg:0
CSV	PROJ4_SPCS_nad27.csv:00104	0	crs-tgt: epsg:0
CSV	PROJ4_SPCS_nad27.csv:00105	0	crs-tgt: epsg:0
CSV	PROJ4_SPCS_nad27.csv:00106	0	crs-tgt: epsg:0
CSV	PROJ4_SPCS_nad27.csv:00107	0	crs-tgt: epsg:0
CSV	PROJ4_SPCS_nad27.csv:00108	0	crs-tgt: epsg:0
CSV	PROJ4_SPCS_nad27.csv:00109	0	crs-tgt: epsg:0
CSV	PROJ4_SPCS_nad27.csv:00110	0	crs-tgt: epsg:0
CSV	PROJ4_SPCS_nad27.csv:00111	0	crs-tgt: epsg:0
CSV	PROJ4_SPCS_nad27.csv:00112	0	crs-tgt: epsg:0
CSV	PROJ4_SPCS_nad27.csv:00113	0	crs-tgt: epsg:0
CSV	PROJ4_SPCS_nad27.csv:00114	0	crs-tgt: epsg:0
CSV	PROJ4_SPCS_nad27.csv:00115	0	crs-tgt: epsg:0
CSV	PROJ4_SPCS_nad27.csv:00116	0	crs-tgt: epsg:0
CSV	PROJ4_SPCS_nad27.csv:00117	0	crs-tgt: epsg:0
CSV	PROJ4_SPCS_nad27.csv:00118	0	crs-tgt: epsg:0
CSV	PROJ4_SPCS_nad27.csv:00119	0	crs-tgt: epsg:0
CSV	PROJ4_SPCS_nad27.csv:00120	0	crs-tgt: epsg:0
CSV	PROJ4_SPCS_nad27.csv:00121	0	crs-tgt: epsg:0
CSV	PROJ4_SPCS_nad27.csv:00122	0	crs-tgt: epsg:0
CSV	PROJ4_SPCS_nad27.csv:00123	0	crs-tgt: epsg:0
CSV	PROJ4_SPCS_nad27.csv:00124	0	crs-tgt: epsg:0
CSV	PROJ4_SPCS_nad27.csv:00125	0	crs-tgt: epsg:0
CSV	PROJ4_SPCS_nad27.csv:00126	0	crs-tgt: epsg:0
CSV	PROJ4_SPCS_nad27.csv:00127	0	crs-tgt: epsg:0
CSV	PROJ4_SPCS_nad27.csv:00128	0	crs-tgt: epsg:0
CSV	PROJ4_SPCS_nad27.csv:00129	0	crs-tgt: epsg:0
CSV	PROJ4_SPCS_nad27.csv:00130	0	crs-tgt: epsg:0
CSV	PROJ4_SPCS_nad27.csv:00131	0	crs-tgt: epsg:0
CSV	PROJ4_SPCS_nad27.csv:00132	0	crs-tgt: epsg:0
CSV	PROJ4_SPCS_nad27.csv:00133	0	crs-tgt: epsg:0
CSV	PROJ4_SPCS_nad27.csv:00134	0	crs-tgt: epsg:0
CSV	PROJ4_SPCS_nad27.csv:00135	0	crs-tgt: epsg:0
CSV	PROJ4_SPCS_nad27.csv:00136	0	crs-tgt: epsg:0
CSV	PROJ4_SPCS_nad27.csv:00137	0	crs-tgt: epsg:0
CSV	PROJ4_SPCS_nad27.csv:00138	0	crs-tgt: epsg:0
CSV	PROJ4_SPCS_nad27.csv:00139	0	crs-tgt: epsg:0
CSV	PROJ4_SPCS_nad27.csv:00140	0	crs-tgt: epsg:0
CSV	PROJ4_SPCS_nad27.csv:00141	0	crs-tgt: epsg:0
CSV	PROJ4_SPCS_nad27.csv:00142	0	crs-tgt: epsg:0
CSV	PROJ4_SPCS_nad27.csv:00143	0	crs-tgt: epsg:0
CSV	PROJ4_SPCS_nad27.csv:00144	0	crs-tgt: epsg:0
CSV	PROJ4_SPCS_nad27.csv:00145	0	crs-tgt: epsg:0
CSV	PROJ4_SPCS_nad27.csv:00146	0	crs-tgt: epsg:0
CSV	PROJ4_SPCS_nad27.csv:00147	0	crs-tgt: epsg:0
CSV	PROJ4_SPCS_nad27.csv:00148	0	crs-tgt: epsg:0
CSV	PROJ4_SPCS_nad27.csv:00149	0	crs-tgt: epsg:0
CSV	PROJ4_SPCS_nad27.csv:00150	0	crs-tgt: epsg:0
CSV	PROJ4_SPCS_nad27.csv:00151	0	crs-tgt: epsg:0
CSV	PROJ4_SPCS_nad27.csv:00152	0	crs-tgt: epsg:0
CSV	PROJ4_SPCS_nad27.csv:00153	0	crs-tgt: epsg:0
CSV	PROJ4_SPCS_nad27.csv:00154	0	crs-tgt: epsg:0
CSV	PROJ4_SPCS_nad27.csv:00155	0	crs-tgt: epsg:0
CSV	PROJ4_SPCS_nad27.csv:00156	0	crs-tgt: epsg:0
CSV	PROJ4_SPCS_nad27.csv:00157	0	crs-tgt: epsg:0
CSV	PROJ4_SPCS_nad27.csv:00158	0	crs-tgt: epsg:0
CSV	PROJ4_SPCS_nad27.csv:00159	0	crs-tgt: epsg:0
CSV	PROJ4_SPCS_nad27.csv:00160	0	crs-tgt: epsg:0
CSV	PROJ4_SPCS_nad27.csv:00161	0	crs-tgt: epsg:0
CSV	PROJ4_SPCS_nad27.csv:00162	0	crs-tgt: epsg:0
CSV	PROJ4_SPCS_nad27.csv:00163	0	crs-tgt: epsg:0
CSV	PROJ4_SPCS_nad27.csv:00164	0	crs-tgt: epsg:0
CSV	PROJ4_SPCS_nad27.csv:00165	0	crs-tgt: epsg:0
CSV	PROJ4_SPCS_nad27.csv:00166	0	crs-tgt: epsg:0
CSV	PROJ4_SPCS_nad27.csv:00167	0	crs-tgt: epsg:0
CSV	PROJ4_SPCS_nad27.csv:00168	0	crs-tgt: epsg:0
CSV	PROJ4_SPCS_nad27.csv:00169	0	crs-tgt: epsg:0
CSV	PROJ4_SPCS_nad27.csv:00170	0	crs-tgt: epsg:0
CSV	PROJ4_SPCS_nad27.csv:00171	0	crs-tgt: epsg:0
CSV	PROJ4_SPCS_nad27.csv:00172	0	crs-tgt: epsg:0
CSV	PROJ4_SPCS_nad27.csv:00173	0	crs-tgt: epsg:0
CSV	PROJ4_SPCS_nad27.csv:00174	0	crs-tgt: epsg:0
CSV	PROJ4_SPCS_nad27.csv:00175	0	crs-tgt: epsg:0
CSV	PROJ4_SPCS_nad27.csv:00176	0	crs-tgt: epsg:0
CSV	PROJ4_SPCS_nad27.csv:00177	0	crs-tgt: epsg:0
CSV	PROJ4_SPCS_nad27.csv:00178	0	crs-tgt: epsg:0
CSV	PROJ4_SPCS_nad27.csv:00179	0	crs-tgt: epsg:0
CSV	PROJ4_SPCS_nad27.csv:00180	0	crs-tgt: epsg:0
CSV	PROJ4_SPCS_nad27.csv:00181	0	crs-tgt: epsg:0
CSV	PROJ4_SPCS_nad27.csv:00182	0	crs-tgt: epsg:0
CSV	PROJ4_SPCS_nad27.csv:00183	0	crs-tgt: epsg:0
CSV	PROJ4_SPCS_nad27.csv:00184	0	crs-tgt: epsg:0
CSV	PROJ4_SPCS_nad27.csv:00185	0	crs-tgt: epsg:0
CSV	PROJ4_SPCS_nad27.csv:00186	0	crs-tgt: epsg:0
CSV	PROJ4_SPCS_nad27.csv:00187	0	crs-tgt: epsg:0
CSV	PROJ4_SPCS_nad27.csv:00188	0	crs-tgt: epsg:0
CSV	PROJ4_SPCS_nad27.csv:00189	0	crs-tgt: epsg:0
CSV	PROJ4_SPCS_nad27.csv:00190	0	crs-tgt: epsg:0
CSV	PROJ4_SPCS_nad27.csv:00191	0	crs-tgt: epsg:0
CSV	PROJ4_SPCS_nad27.csv:00192	0	crs-tgt: epsg:0
CSV	PROJ4_SPCS_nad27.csv:00193	0	crs-tgt: epsg:0
CSV	PROJ4_SPCS_nad27.csv:00194	0	crs-tgt: epsg:0
CSV	PROJ4_SPCS_nad27.csv:00195	0	crs-tgt: epsg:0
CSV	PROJ4_SPCS_nad27.csv:00196	0	crs-tgt: epsg:0
CSV	PROJ4_SPCS_nad27.csv:00197	0	crs-tgt: epsg:0
CSV	PROJ4_SPCS_nad27.csv:00198	0	crs-tgt: epsg:0
CSV	PROJ4_SPCS_nad27.csv:00199	0	crs-tgt: epsg:0
CSV	PROJ4_SPCS_nad27.csv:00200	0	crs-tgt: epsg:0
CSV	PROJ4_SPCS_nad27.csv:00201	0	crs-tgt: epsg:0
CSV	PROJ4_SPCS_nad27.csv:00202	0	crs-tgt: epsg:0
CSV	PROJ4_SPCS_nad27.csv:00203	0	crs-tgt: epsg:0
CSV	PROJ4_SPCS_nad27.csv:00204	0	crs-tgt: epsg:0
CSV	PROJ4_SPCS_nad27.csv:00205	0	crs-tgt: epsg:0
CSV	PROJ4_SPCS_nad27.csv:00206	0	crs-tgt: epsg:0
CSV	PROJ4_SPCS_nad27.csv:00207	0	crs-tgt: epsg:0
CSV	PROJ4_SPCS_nad27.csv:00208	0	crs-tgt: epsg:0
CSV	PROJ4_SPCS_nad27.csv:00209	0	crs-tgt: epsg:0
CSV	PROJ4_SPCS_nad27.csv:00210	0	crs-tgt: epsg:0
CSV	PROJ4_SPCS_nad27.csv:00211	0	crs-tgt: epsg:0
CSV	PROJ4_SPCS_nad27.csv:00212	0	crs-tgt: epsg:0
CSV	PROJ4_SPCS_nad27.csv:00213	0	crs-tgt: epsg:0
CSV	PROJ4_SPCS_nad27.csv:00214	0	crs-tgt: epsg:0
CSV	PROJ4_SPCS_nad27.csv:00215	0	crs-tgt: epsg:0
CSV	PROJ4_SPCS_nad27.csv:00216	0	crs-tgt: epsg:0
CSV	PROJ4_SPCS_nad27.csv:00217	0	crs-tgt: epsg:0
CSV	PROJ4_SPCS_nad27.csv:00218	0	crs-tgt: epsg:0
CSV	PROJ4_SPCS_nad27.csv:00219	0	crs-tgt: epsg:0
CSV	PROJ4_SPCS_nad27.csv:00220	0	crs-tgt: epsg:0
CSV	PROJ4_SPCS_nad27.csv:00221	0	crs-tgt: epsg:0
CSV	PROJ4_SPCS_nad27.csv:00222	0	crs-tgt: epsg:0
CSV	PROJ4_SPCS_nad27.csv:00223	0	crs-tgt: epsg:0
CSV	PROJ4_SPCS_nad27.csv:00224	0	crs-tgt: epsg:0
CSV	PROJ4_SPCS_nad27.csv:00225	0	crs-tgt: epsg:0
CSV	PROJ4_SPCS_nad27.csv:00226	0	crs-tgt: epsg:0
CSV	PROJ4_SPCS_nad27.csv:00227	0	crs-tgt: epsg:0
CSV	PROJ4_SPCS_nad27.csv:00228	0	crs-tgt: epsg:0
CSV	PROJ4_SPCS_nad27.csv:00229	0	crs-tgt: epsg:0
CSV	PROJ4_SPCS_nad27.csv:00230	0	crs-tgt: epsg:0
CSV	PROJ4_SPCS_nad27.csv:00231	0	crs-tgt: epsg:0
CSV	PROJ4_SPCS_nad27.csv:00232	0	crs-tgt: epsg:0
CSV	PROJ4_SPCS_nad27.csv:00233	0	crs-tgt: epsg:0
CSV	PROJ4_SPCS_nad27.csv:00234	0	crs-tgt: epsg:0
CSV	PROJ4_SPCS_nad27.csv:00235	0	crs-tgt: epsg:0
CSV	PROJ4_SPCS_nad27.csv:00236	0	crs-tgt: epsg:0
CSV	PROJ4_SPCS_nad27.csv:00237	0	crs-tgt: epsg:0
CSV	PROJ4_SPCS_nad27.csv:00238	0	crs-tgt: epsg:0
CSV	PROJ4_SPCS_nad27.csv:00239	0	crs-tgt: epsg:0
CSV	PROJ4_SPCS_nad27.csv:00240	0	crs-tgt: epsg:0
CSV	PROJ4_SPCS_nad27.csv:00241	0	crs-tgt: epsg:0
CSV	PROJ4_SPCS_nad27.csv:00242	0	crs-tgt: epsg:0
CSV	PROJ4_SPCS_nad27.csv:00243	0	crs-tgt: epsg:0
CSV	PROJ4_SPCS_nad27.csv:00244	0	crs-tgt: epsg:0
CSV	PROJ4_SPCS_nad27.csv:00245	0	crs-tgt: epsg:0
CSV	PROJ4_SPCS_nad27.csv:00246	0	crs-tgt: epsg:0
CSV	PROJ4_SPCS_nad27.csv:00247	0	crs-tgt: epsg:0
CSV	PROJ4_SPCS_nad27.csv:00248	0	crs-tgt: epsg:0
CSV	PROJ4_SPCS_nad27.csv:00249	0	crs-tgt: epsg:0
CSV	PROJ4_SPCS_nad27.csv:00250	0	crs-tgt: epsg:0
CSV	PROJ4_SPCS_nad27.csv:00251	0	crs-tgt: epsg:0
CSV	PROJ4_SPCS_nad27.csv:00252	0	crs-tgt: epsg:0
CSV	PROJ4_SPCS_nad27.csv:00253	0	crs-tgt: epsg:0
CSV	PROJ4_SPCS_nad27.csv:00254	0	crs-tgt: epsg:0
CSV	PROJ4_SPCS_nad27.csv:00255	0	crs-tgt: epsg:0
CSV	PROJ4_SPCS_nad27.csv:00256	0	crs-tgt: epsg:0
CSV	PROJ4_SPCS_nad27.csv:00257	0	crs-tgt: epsg:0
CSV	PROJ4_SPCS_nad27.csv:00258	0	crs-tgt: epsg:0
CSV	PROJ4_SPCS_nad27.csv:00259	0	crs-tgt: epsg:0
CSV	PROJ4_SPCS_nad27.csv:00260	0	crs-tgt: epsg:0
CSV	PROJ4_SPCS_nad27.csv:00261	0	crs-tgt: epsg:0
CSV	PROJ4_SPCS_nad27.csv:00262	0	crs-tgt: epsg:0
CSV	PROJ4_SPCS_nad27.csv:00263	0	crs-tgt: epsg:0
CSV	PROJ4_SPCS_nad27.csv:00264	0	crs-tgt: epsg:0
CSV	PROJ4_SPCS_nad27.csv:00265	0	crs-tgt: epsg:0
CSV	PROJ4_SPCS_nad27.csv:00266	0	crs-tgt: epsg:0
CSV	proj4-epsg.csv:00777	0	inv: Latitude is out of range: -2.0518749324692847
CSV	proj4-epsg.csv:00778	0	inv: Latitude is out of range: -4.794486623442763
CSV	proj4-epsg.csv:00779	0	inv: Latitude is out of range: -11.395602896547448
CSV	proj4-epsg.csv:00783	0	inv: Latitude is out of range: -2.0518749324692847
CSV	proj4-epsg.csv:00784	0	inv: Latitude is out of range: -4.794486623442763
CSV	proj4-epsg.csv:00785	0	inv: Latitude is out of range: -11.395602896547448
CSV	proj4-epsg.csv:00798	0	inv: Latitude is out of range: -4.79486409211524
CSV	proj4-epsg.csv:00812	0	inv: Latitude is out of range: -4.794541066365158
CSV	proj4-epsg.csv:00834	0	inv: Latitude is out of range: -2.051895853914291
CSV	proj4-epsg.csv:00835	0	inv: Latitude is out of range: -4.794541066365158
CSV	proj4-epsg.csv:00836	0	inv: Latitude is out of range: -11.395740117100413
CSV	proj4-epsg.csv:00860	0	inv: Latitude is out of range: -2.051895853914291
CSV	proj4-epsg.csv:00861	0	inv: Latitude is out of range: -4.794541066365158
CSV	proj4-epsg.csv:00862	0	inv: Latitude is out of range: -11.395740117100413
CSV	proj4-epsg.csv:00884	0	inv: Latitude is out of range: -2.0520333040037744
CSV	proj4-epsg.csv:00885	0	inv: Latitude is out of range: -4.79486409211524
CSV	proj4-epsg.csv:00886	0	inv: Latitude is out of range: -11.396516889119065
CSV	proj4-epsg.csv:00908	0	inv: Latitude is out of range: -2.0520333040037744
CSV	proj4-epsg.csv:00909	0	inv: Latitude is out of range: -4.79486409211524
CSV	proj4-epsg.csv:00910	0	inv: Latitude is out of range: -11.396516889119065
CSV	proj4-epsg.csv:01214	0	inv: Latitude is out of range: -11.454127221189818
CSV	proj4-epsg.csv:02092	0	inv: I
CSV	proj4-epsg.csv:02831	0	inv: Latitude is out of range: -4.79486409211524
CSV	proj4-epsg.csv:02843	0	inv: Latitude is out of range: -4.79486409211524
CSV	proj4-epsg.csv:02900	0	inv: Latitude is out of range: -4.794486623442763
CSV	proj4-epsg.csv:02903	0	inv: Latitude is out of range: -4.794486623442763
CSV	proj4-epsg.csv:02906	0	inv: Latitude is out of range: -4.794486623442763
CSV	proj4-epsg.csv:03288	0	inv: Infinite longitude
CSV	proj4-epsg.csv:03349	0	inv: Latitude is out of range: -4.794541066365158
CSV	proj4-epsg.csv:03363	0	inv: Latitude is out of range: -4.794541066365158
CSV	proj4-epsg.csv:04138	0	crs-tgt: vunits parameter is not supported
CSV	proj4-epsg.csv:04139	0	crs-tgt: vunits parameter is not supported
CSV	proj4-epsg.csv:04140	0	crs-tgt: vunits parameter is not supported
CSV	proj4-epsg.csv:04141	0	crs-tgt: vunits parameter is not supported
CSV	proj4-epsg.csv:04142	0	crs-tgt: vunits parameter is not supported
CSV	proj4-epsg.csv:04143	0	crs-tgt: vunits parameter is not supported
CSV	proj4-epsg.csv:04144	0	crs-tgt: vunits parameter is not supported
CSV	proj4-epsg.csv:04145	0	crs-tgt: vunits parameter is not supported
CSV	proj4-epsg.csv:04146	0	crs-tgt: vunits parameter is not supported
CSV	proj4-epsg.csv:04147	0	crs-tgt: vunits parameter is not supported
CSV	proj4-epsg.csv:04148	0	crs-tgt: vunits parameter is not supported
CSV	proj4-epsg.csv:04149	0	crs-tgt: vunits parameter is not supported
CSV	proj4-epsg.csv:04150	0	crs-tgt: vunits parameter is not supported
CSV	proj4-epsg.csv:04151	0	crs-tgt: vunits parameter is not supported
CSV	proj4-epsg.csv:04152	0	crs-tgt: vunits parameter is not supported
CSV	proj4-epsg.csv:04153	0	crs-tgt: vunits parameter is not supported
CSV	proj4-epsg.csv:04154	0	crs-tgt: vunits parameter is not supported
CSV	proj4-epsg.csv:04155	0	crs-tgt: vunits parameter is not supported
CSV	proj4-epsg.csv:04156	0	crs-tgt: vunits parameter is not supported
CSV	proj4-epsg.csv:04157	0	crs-tgt: vunits parameter is not supported
CSV	proj4-epsg.csv:04158	0	crs-tgt: vunits parameter is not supported
CSV	proj4-epsg.csv:04159	0	crs-tgt: vunits parameter is not supported
CSV	proj4-epsg.csv:04160	0	crs-tgt: vunits parameter is not supported
CSV	proj4-epsg.csv:04161	0	crs-tgt: vunits parameter is not supported
CSV	proj4-epsg.csv:04162	0	crs-tgt: vunits parameter is not supported
CSV	proj4-epsg.csv:04163	0	crs-tgt: vunits parameter is not supported
CSV	proj4-epsg.csv:04164	0	crs-tgt: vunits parameter is not supported
CSV	proj4-epsg.csv:04165	0	crs-tgt: vunits parameter is not supported
CSV	proj4-epsg.csv:04166	0	crs-tgt: vunits parameter is not supported
CSV	proj4-epsg.csv:04167	0	crs-tgt: vunits parameter is not supported
CSV	proj4-epsg.csv:04168	0	crs-tgt: vunits parameter is not supported
CSV	proj4-epsg.csv:04169	0	crs-tgt: vunits parameter is not supported
CSV	proj4-epsg.csv:04170	0	crs-tgt: vunits parameter is not supported
CSV	proj4-epsg.csv:04171	0	crs-tgt: vunits parameter is not supported
CSV	proj4-epsg.csv:04172	0	crs-tgt: vunits parameter is not supported
CSV	proj4-epsg.csv:04173	0	crs-tgt: vunits parameter is not supported
CSV	proj4-epsg.csv:04174	0	crs-tgt: vunits parameter is not supported
CSV	proj4-epsg.csv:04175	0	crs-tgt: vunits parameter is not supported
CSV	proj4-epsg.csv:04176	0	crs-tgt: vunits parameter is not supported
CSV	proj4-epsg.csv:04177	0	crs-tgt: vunits parameter is not supported
CSV	proj4-epsg.csv:04178	0	crs-tgt: vunits parameter is not supported
CSV	proj4-epsg.csv:04179	0	crs-tgt: vunits parameter is not supported
CSV	proj4-epsg.csv:04180	0	crs-tgt: vunits parameter is not supported
CSV	proj4-epsg.csv:04181	0	crs-tgt: vunits parameter is not supported
CSV	proj4-epsg.csv:04182	0	crs-tgt: vunits parameter is not supported
CSV	proj4-epsg.csv:04183	0	crs-tgt: vunits parameter is not supported
CSV	proj4-epsg.csv:04184	0	crs-tgt: vunits parameter is not supported
CSV	proj4-epsg.csv:04185	0	crs-tgt: vunits parameter is not supported
CSV	proj4-epsg.csv:04186	0	crs-tgt: vunits parameter is not supported
CSV	proj4-epsg.csv:04187	0	crs-tgt: vunits parameter is not supported
CSV	proj4-epsg.csv:04188	0	crs-tgt: vunits parameter is not supported
CSV	proj4-epsg.csv:04189	0	crs-tgt: vunits parameter is not supported
CSV	proj4-epsg.csv:04190	0	crs-tgt: vunits parameter is not supported
CSV	proj4-epsg.csv:04191	0	crs-tgt: vunits parameter is not supported
CSV	proj4-epsg.csv:04192	0	crs-tgt: vunits parameter is not supported
CSV	proj4-epsg.csv:04193	0	crs-tgt: vunits parameter is not supported
CSV	proj4-epsg.csv:04194	0	crs-tgt: vunits parameter is not supported
CSV	proj4-epsg.csv:04195	0	crs-tgt: vunits parameter is not supported
CSV	proj4-epsg.csv:04196	0	crs-tgt: vunits parameter is not supported
CSV	proj4-epsg.csv:04197	0	crs-tgt: vunits parameter is not supported
CSV	proj4-epsg.csv:04198	0	crs-tgt: vunits parameter is not supported
CSV	proj4-epsg.csv:04199	0	crs-tgt: vunits parameter is not supported
CSV	proj4-epsg.csv:04200	0	crs-tgt: vunits parameter is not supported
CSV	proj4-epsg.csv:04201	0	crs-tgt: vunits parameter is not supported
CSV	proj4-epsg.csv:04202	0	crs-tgt: vunits parameter is not supported
CSV	proj4-epsg.csv:04203	0	crs-tgt: vunits parameter is not supported
CSV	proj4-epsg.csv:04204	0	crs-tgt: vunits parameter is not supported
CSV	proj4-epsg.csv:04205	0	crs-tgt: vunits parameter is not supported
CSV	proj4-epsg.csv:04206	0	crs-tgt: vunits parameter is not supported
CSV	proj4-epsg.csv:04207	0	crs-tgt: vunits parameter is not supported
CSV	proj4-epsg.csv:04208	0	crs-tgt: vunits parameter is not supported
CSV	proj4-epsg.csv:04209	0	crs-tgt: vunits parameter is not supported
CSV	proj4-epsg.csv:04210	0	crs-tgt: vunits parameter is not supported
CSV	proj4-epsg.csv:04211	0	crs-tgt: vunits parameter is not supported
CSV	proj4-epsg.csv:04212	0	crs-tgt: vunits parameter is not supported
CSV	proj4-epsg.csv:04213	0	crs-tgt: vunits parameter is not supported
CSV	proj4-epsg.csv:04214	0	crs-tgt: vunits parameter is not supported
CSV	proj4-epsg.csv:04215	0	crs-tgt: vunits parameter is not supported
CSV	proj4-epsg.csv:04216	0	crs-tgt: vunits parameter is not supported
CSV	proj4-epsg.csv:04217	0	crs-tgt: vunits parameter is not supported
CSV	proj4-epsg.csv:04218	0	crs-tgt: vunits parameter is not supported
CSV	proj4-epsg.csv:04219	0	crs-tgt: vunits parameter is not supported
CSV	proj4-epsg.csv:04220	0	crs-tgt: vunits parameter is not supported
CSV	proj4-epsg.csv:04221	0	crs-tgt: vunits parameter is not supported
CSV	proj4-epsg.csv:04222	0	crs-tgt: vunits parameter is not supported
CSV	proj4-epsg.csv:04223	0	crs-tgt: vunits parameter is not supported
CSV	proj4-epsg.csv:04224	0	crs-tgt: vunits parameter is not supported
CSV	proj4-epsg.csv:04225	0	crs-tgt: vunits parameter is not supported
CSV	proj4-epsg.csv:04226	0	crs-tgt: vunits parameter is not supported
CSV	proj4-epsg.csv:04227	0	crs-tgt: vunits parameter is not supported
CSV	proj4-epsg.csv:04228	0	crs-tgt: vunits parameter is not supported
CSV	proj4-epsg.csv:04229	0	crs-tgt: vunits parameter is not supported
CSV	proj4-epsg.csv:04230	0	crs-tgt: vunits parameter is not supported
CSV	proj4-epsg.csv:04231	0	crs-tgt: vunits parameter is not supported
CSV	proj4-epsg.csv:04232	0	crs-tgt: vunits parameter is not supported
CSV	proj4-epsg.csv:04233	0	crs-tgt: vunits parameter is not supported
CSV	proj4-epsg.csv:04234	0	crs-tgt: vunits parameter is not supported
CSV	proj4-epsg.csv:04235	0	crs-tgt: vunits parameter is not supported
CSV	proj4-epsg.csv:04236	0	crs-tgt: vunits parameter is not supported
CSV	proj4-epsg.csv:04237	0	crs-tgt: vunits parameter is not supported
CSV	proj4-epsg.csv:04238	0	crs-tgt: vunits parameter is not supported
CSV	proj4-epsg.csv:04239	0	crs-tgt: vunits parameter is not supported
CSV	proj4-epsg.csv:04240	0	crs-tgt: vunits parameter is not supported
CSV	proj4-epsg.csv:04241	0	crs-tgt: vunits parameter is not supported
CSV	proj4-epsg.csv:04242	0	crs-tgt: vunits parameter is not supported
CSV	proj4-epsg.csv:04243	0	crs-tgt: vunits parameter is not supported
CSV	proj4-epsg.csv:04244	0	crs-tgt: vunits parameter is not supported
CSV	proj4-epsg.csv:04245	0	crs-tgt: vunits parameter is not supported
CSV	proj4-epsg.csv:04246	0	crs-tgt: vunits parameter is not supported
CSV	proj4-epsg.csv:04247	0	crs-tgt: vunits parameter is not supported
CSV	proj4-epsg.csv:04248	0	crs-tgt: vunits parameter is not supported
CSV	proj4-epsg.csv:04249	0	crs-tgt: vunits parameter is not supported
CSV	proj4-epsg.csv:04250	0	crs-tgt: vunits parameter is not supported
CSV	proj4-epsg.csv:04251	0	crs-tgt: vunits parameter is not supported
CSV	proj4-epsg.csv:04252	0	crs-tgt: vunits parameter is not supported
CSV	proj4-epsg.csv:04253	0	crs-tgt: vunits parameter is not supported
CSV	proj4-epsg.csv:04254	0	crs-tgt: vunits parameter is not supported
CSV	proj4-epsg.csv:04255	0	crs-tgt: vunits parameter is not supported
CSV	proj4-epsg.csv:04256	0	crs-tgt: vunits parameter is not supported
CSV	proj4-epsg.csv:04257	0	crs-tgt: vunits parameter is not supported
CSV	proj4-epsg.csv:04258	0	crs-tgt: vunits parameter is not supported
CSV	proj4-epsg.csv:04259	0	crs-tgt: vunits parameter is not supported
CSV	proj4-epsg.csv:04260	0	crs-tgt: vunits parameter is not supported
CSV	proj4-epsg.csv:04261	0	crs-tgt: vunits parameter is not supported
CSV	proj4-epsg.csv:04262	0	crs-tgt: vunits parameter is not supported
CSV	proj4-epsg.csv:04263	0	crs-tgt: vunits parameter is not supported
CSV	proj4-epsg.csv:04264	0	crs-tgt: vunits parameter is not supported
CSV	proj4-epsg.csv:04265	0	crs-tgt: vunits parameter is not supported
CSV	proj4-epsg.csv:04266	0	crs-tgt: vunits parameter is not supported
CSV	proj4-epsg.csv:04267	0	crs-tgt: vunits parameter is not supported
CSV	proj4-epsg.csv:04268	0	crs-tgt: vunits parameter is not supported
CSV	proj4-epsg.csv:04269	0	crs-tgt: vunits parameter is not supported
CSV	proj4-epsg.csv:04270	0	crs-tgt: vunits parameter is not supported
CSV	proj4-epsg.csv:04271	0	crs-tgt: vunits parameter is not supported
CSV	proj4-epsg.csv:04272	0	crs-tgt: vunits parameter is not supported
CSV	proj4-epsg.csv:04273	0	crs-tgt: vunits parameter is not supported
CSV	proj4-epsg.csv:04274	0	crs-tgt: vunits parameter is not supported
CSV	proj4-epsg.csv:04275	0	crs-tgt: vunits parameter is not supported
CSV	proj4-epsg.csv:04276	0	crs-tgt: vunits parameter is not supported
CSV	proj4-epsg.csv:04277	0	crs-tgt: vunits parameter is not supported
CSV	proj4-epsg.csv:04278	0	crs-tgt: vunits parameter is not supported
CSV	proj4-epsg.csv:04279	0	crs-tgt: vunits parameter is not supported
CSV	proj4-epsg.csv:04280	0	crs-tgt: vunits parameter is not supported
CSV	proj4-epsg.csv:04281	0	crs-tgt: vunits parameter is not supported
PAIR	t02/epsg:4014>epsg:2044	1	inv: Latitude is out of range: -4.0265309313084836E9
PAIR	t02/epsg:4014>epsg:2044	2	inv: Latitude is out of range: -18887.839191443843
PAIR	t02/epsg:4014>epsg:2044	3	inv: Latitude is out of range: 4.073660814398801E9
PAIR	t02/epsg:4014>epsg:2044	4	inv: Latitude is out of range: 18917.257213348523
PAIR	t02/epsg:4174>epsg:21418	1	inv: Latitude is out of range: -4.027626376753856E9
PAIR	t02/epsg:4174>epsg:21418	2	inv: Latitude is out of range: -18886.155044078292
PAIR	t02/epsg:4174>epsg:21418	3	inv: Latitude is out of range: 4.089947668578276E9
PAIR	t02/epsg:4174>epsg:21418	4	inv: Latitude is out of range: 18924.967752456803
PAIR	t03/epsg:4007>epsg:20022	0	inv: Latitude is out of range: 2156.102327834094
PAIR	t03/epsg:4034>epsg:20092	0	inv: Latitude is out of range: 1.577837569927224E9
PAIR	t03/epsg:4045>epsg:2094	1	inv: Latitude is out of range: -2.1916699107719284E11
PAIR	t03/epsg:4045>epsg:2094	2	inv: Latitude is out of range: -36307.98685492182
PAIR	t03/epsg:4045>epsg:2094	3	inv: Latitude is out of range: 2.1902687649142526E11
PAIR	t03/epsg:4045>epsg:2094	4	inv: Latitude is out of range: 36306.03963048495
PAIR	t12/epsg:4152>epsg:2044	1	inv: Latitude is out of range: -4.0493869748938913E9
PAIR	t12/epsg:4152>epsg:2044	2	inv: Latitude is out of range: -18902.147857207656
PAIR	t12/epsg:4152>epsg:2044	3	inv: Latitude is out of range: 4.0968238513943553E9
PAIR	t12/epsg:4152>epsg:2044	4	inv: Latitude is out of range: 18931.59233637236
PAIR	t12/epsg:4737>epsg:21418	1	inv: Latitude is out of range: -4.0383104249493136E9
PAIR	t12/epsg:4737>epsg:21418	2	inv: Latitude is out of range: -18892.850663671135
PAIR	t12/epsg:4737>epsg:21418	3	inv: Latitude is out of range: 4.100822534070221E9
PAIR	t12/epsg:4737>epsg:21418	4	inv: Latitude is out of range: 18931.680385637723
PAIR	t13/epsg:4075>epsg:20022	0	inv: Latitude is out of range: 2156.155617890177
PAIR	t13/epsg:4173>epsg:20079	0	inv: Latitude is out of range: 6.498279028860817
PAIR	t13/epsg:4173>epsg:20079	2	inv: Latitude is out of range: -2887733.2714643097
PAIR	t13/epsg:4173>epsg:20079	4	inv: Latitude is out of range: 2902023.1515140785
PAIR	t13/epsg:4283>epsg:20092	0	inv: Latitude is out of range: 1.5778655121672132E9
PAIR	t13/epsg:4617>epsg:2094	1	inv: Latitude is out of range: -2.1799344971297263E11
PAIR	t13/epsg:4617>epsg:2094	2	inv: Latitude is out of range: -36291.63736370758
PAIR	t13/epsg:4617>epsg:2094	3	inv: Latitude is out of range: 2.178542105335585E11
PAIR	t13/epsg:4617>epsg:2094	4	inv: Latitude is out of range: 36289.691413582725
PAIR	t20/epsg:4132>epsg:2025	1	inv: Latitude is out of range: -77.307051246336
PAIR	t20/epsg:4132>epsg:2025	2	inv: Latitude is out of range: -5864.420330113911
PAIR	t20/epsg:4132>epsg:2025	3	inv: Latitude is out of range: 77.56111832756598
PAIR	t20/epsg:4132>epsg:2025	4	inv: Latitude is out of range: 5910.729328204212
PAIR	t20/epsg:4168>epsg:2328	1	inv: Latitude is out of range: -38.49768216726383
PAIR	t20/epsg:4168>epsg:2328	2	inv: Latitude is out of range: -1.788551169989828
PAIR	t20/epsg:4168>epsg:2328	3	inv: Latitude is out of range: 38.588225812953034
PAIR	t20/epsg:4168>epsg:2328	4	inv: Latitude is out of range: 1.7912712551253307
PAIR	t20/epsg:4192>epsg:2341	1	inv: Latitude is out of range: -5894.811618797713
PAIR	t20/epsg:4192>epsg:2341	2	inv: Latitude is out of range: -77.48929140379778
PAIR	t20/epsg:4192>epsg:2341	3	inv: Latitude is out of range: 5884.554040394495
PAIR	t20/epsg:4192>epsg:2341	4	inv: Latitude is out of range: 77.43301606609921
PAIR	t20/epsg:4207>epsg:2353	1	inv: Latitude is out of range: -355.1435817734546
PAIR	t20/epsg:4207>epsg:2353	2	inv: Latitude is out of range: -10.484556852884378
PAIR	t20/epsg:4207>epsg:2353	3	inv: Latitude is out of range: 355.5556082805072
PAIR	t20/epsg:4207>epsg:2353	4	inv: Latitude is out of range: 10.490980617508825
PAIR	t20/epsg:4214>epsg:2366	0	inv: Latitude is out of range: -818.450954018759
PAIR	t21/epsg:4132>epsg:2108	0	inv: Latitude is out of range: 4.377821150453632E10
PAIR	t21/epsg:4145>epsg:2121	0	inv: Latitude is out of range: 4.4328197298135605E9
PAIR	t21/epsg:4168>epsg:2150	0	inv: Latitude is out of range: Infinity
PAIR	t21/epsg:4168>epsg:2150	2	inv: Latitude is out of range: Infinity
PAIR	t21/epsg:4168>epsg:2150	4	inv: Latitude is out of range: Infinity
PAIR	t21/epsg:4192>epsg:2193	0	inv: Latitude is out of range: -3.144444073287339E9
PAIR	t21/epsg:4214>epsg:2224	0	inv: Latitude is out of range: -15.697247363064756
PAIR	t21/epsg:4214>epsg:2224	3	inv: Latitude is out of range: 1.855100960471382E8
PAIR	t22/epsg:4145>epsg:2044	0	inv: Latitude is out of range: 3.5630834623050625
PAIR	t22/epsg:4145>epsg:2044	1	inv: Latitude is out of range: -3.891789089544785E9
PAIR	t22/epsg:4145>epsg:2044	2	inv: Latitude is out of range: -18778.77349901353
PAIR	t22/epsg:4145>epsg:2044	3	inv: Latitude is out of range: 4.1102858006596603E9
PAIR	t22/epsg:4145>epsg:2044	4	inv: Latitude is out of range: 18916.64355666092
PAIR	t23/epsg:4132>epsg:20022	0	inv: Latitude is out of range: 12633.271755792708
PAIR	t23/epsg:4155>epsg:20079	0	inv: Latitude is out of range: 16.376173623673413
PAIR	t23/epsg:4155>epsg:20079	2	inv: Latitude is out of range: -2870918.745065508
PAIR	t23/epsg:4155>epsg:20079	4	inv: Latitude is out of range: 2906847.849178431
PAIR	t23/epsg:4168>epsg:20092	0	inv: Latitude is out of range: 7.816143998226391E9
PAIR	t23/epsg:4192>epsg:2094	1	inv: Latitude is out of range: -2.2330851263655273E11
PAIR	t23/epsg:4192>epsg:2094	2	inv: Latitude is out of range: -36372.97242355075
PAIR	t23/epsg:4192>epsg:2094	3	inv: Latitude is out of range: 2.1667154452320715E11
PAIR	t23/epsg:4192>epsg:2094	4	inv: Latitude is out of range: 36281.09696535912
PAIR	t24/epsg:4132>epsg:26716	0	inv: Latitude is out of range: Infinity
PAIR	t24/epsg:4132>epsg:26716	2	inv: Latitude is out of range: Infinity
PAIR	t24/epsg:4132>epsg:26716	4	inv: Latitude is out of range: Infinity
PAIR	t24/epsg:4145>epsg:26735	0	inv: Latitude is out of range: 2.0954161398444023E7
PAIR	t24/epsg:4155>epsg:26748	0	inv: Latitude is out of range: 7.603123059431727
PAIR	t24/epsg:4155>epsg:26748	3	inv: Latitude is out of range: 1163714.5371726195
PAIR	t24/epsg:4155>epsg:26748	4	inv: Latitude is out of range: -1.6150849844147246E9
PAIR	t24/epsg:4168>epsg:26766	1	inv: Latitude is out of range: -2.4820021670356667
PAIR	t24/epsg:4168>epsg:26766	2	inv: Latitude is out of range: -57.63024058483446
PAIR	t24/epsg:4168>epsg:26766	3	inv: Latitude is out of range: 2.485918262674564
PAIR	t24/epsg:4168>epsg:26766	4	inv: Latitude is out of range: 57.77598582704405
PAIR	t24/epsg:4207>epsg:26795	1	inv: Latitude is out of range: -30.789686284812657
PAIR	t24/epsg:4207>epsg:26795	2	inv: Latitude is out of range: -1525.455267148385
PAIR	t24/epsg:4207>epsg:26795	3	inv: Latitude is out of range: 30.81208820955369
PAIR	t24/epsg:4207>epsg:26795	4	inv: Latitude is out of range: 1527.8446369862054
PAIR	t24/epsg:4214>epsg:32007	0	inv: Latitude is out of range: -28.214381681743575
PAIR	t24/epsg:4214>epsg:32007	3	inv: Latitude is out of range: 3.1686187150786705E10
PAIR	t30/epsg:4188>epsg:2025	1	inv: Latitude is out of range: -77.27215906543925
PAIR	t30/epsg:4188>epsg:2025	2	inv: Latitude is out of range: -5853.524280265796
PAIR	t30/epsg:4188>epsg:2025	3	inv: Latitude is out of range: 77.64188181667228
PAIR	t30/epsg:4188>epsg:2025	4	inv: Latitude is out of range: 5920.136159093351
PAIR	t30/epsg:4322>epsg:2328	1	inv: Latitude is out of range: -38.54352367634154
PAIR	t30/epsg:4322>epsg:2328	2	inv: Latitude is out of range: -1.7900833509753291
PAIR	t30/epsg:4322>epsg:2328	3	inv: Latitude is out of range: 38.54478907009168
PAIR	t30/epsg:4322>epsg:2328	4	inv: Latitude is out of range: 1.7901213683813744
PAIR	t30/epsg:4660>epsg:2341	1	inv: Latitude is out of range: -5852.583062209823
PAIR	t30/epsg:4660>epsg:2341	2	inv: Latitude is out of range: -77.27547329685045
PAIR	t30/epsg:4660>epsg:2341	3	inv: Latitude is out of range: 5902.871485564957
PAIR	t30/epsg:4660>epsg:2341	4	inv: Latitude is out of range: 77.5722646387083
PAIR	t30/epsg:4691>epsg:2353	1	inv: Latitude is out of range: -354.516870179282
PAIR	t30/epsg:4691>epsg:2353	2	inv: Latitude is out of range: -10.47598836517392
PAIR	t30/epsg:4691>epsg:2353	3	inv: Latitude is out of range: 355.4376474567296
PAIR	t30/epsg:4691>epsg:2353	4	inv: Latitude is out of range: 10.489061823551193
PAIR	t30/epsg:4817>epsg:2366	0	inv: Latitude is out of range: 161.14742040365363
PAIR	t30/epsg:4817>epsg:2366	2	inv: Latitude is out of range: -9.546812407390865E9
PAIR	t30/epsg:4817>epsg:2366	4	inv: Latitude is out of range: 1.0727446505412252E10
PAIR	t31/epsg:4188>epsg:2108	0	inv: Latitude is out of range: 6.325024628080652E10
PAIR	t31/epsg:4232>epsg:2121	0	inv: Latitude is out of range: 4.434955046239612E9
PAIR	t31/epsg:4322>epsg:2150	0	inv: Latitude is out of range: Infinity
PAIR	t31/epsg:4322>epsg:2150	2	inv: Latitude is out of range: Infinity
PAIR	t31/epsg:4322>epsg:2150	4	inv: Latitude is out of range: Infinity
PAIR	t31/epsg:4660>epsg:2193	0	inv: Latitude is out of range: 1.5671192399339825E10
PAIR	t31/epsg:4817>epsg:2224	0	inv: Latitude is out of range: 3133.3686936239196
PAIR	t32/epsg:4232>epsg:2044	0	inv: Latitude is out of range: 3.5658374065062413
PAIR	t32/epsg:4232>epsg:2044	1	inv: Latitude is out of range: -3.954131582985843E9
PAIR	t32/epsg:4232>epsg:2044	2	inv: Latitude is out of range: -18836.692567531598
PAIR	t32/epsg:4232>epsg:2044	3	inv: Latitude is out of range: 4.176422920153884E9
PAIR	t32/epsg:4232>epsg:2044	4	inv: Latitude is out of range: 18974.918556900313
PAIR	t32/epsg:4817>epsg:21418	1	inv: Latitude is out of range: -12094.526579741385
PAIR	t32/epsg:4817>epsg:21418	2	inv: Latitude is out of range: -122.9733865153549
PAIR	t32/epsg:4817>epsg:21418	3	inv: Latitude is out of range: 12259.018124302085
PAIR	t32/epsg:4817>epsg:21418	4	inv: Latitude is out of range: 123.68447262121721
PAIR	t33/epsg:4188>epsg:20022	0	inv: Latitude is out of range: 17265.78484605186
PAIR	t33/epsg:4289>epsg:20079	0	inv: Latitude is out of range: 42.737703423164604
PAIR	t33/epsg:4289>epsg:20079	2	inv: Latitude is out of range: -2846869.738492831
PAIR	t33/epsg:4289>epsg:20079	4	inv: Latitude is out of range: 2940541.9979276974
PAIR	t33/epsg:4322>epsg:20092	0	inv: Latitude is out of range: 1.665010550642678E9
PAIR	t33/epsg:4660>epsg:2094	0	inv: Latitude is out of range: 7.218715478388197
PAIR	t33/epsg:4660>epsg:2094	1	inv: Latitude is out of range: -1.9951774340793893E11
PAIR	t33/epsg:4660>epsg:2094	2	inv: Latitude is out of range: -36035.81658652232
PAIR	t33/epsg:4660>epsg:2094	3	inv: Latitude is out of range: 2.2999301217459448E11
PAIR	t33/epsg:4660>epsg:2094	4	inv: Latitude is out of range: 36503.80795626147
PAIR	t34/epsg:4188>epsg:26716	0	inv: Latitude is out of range: Infinity
PAIR	t34/epsg:4188>epsg:26716	2	inv: Latitude is out of range: Infinity
PAIR	t34/epsg:4188>epsg:26716	4	inv: Latitude is out of range: Infinity
PAIR	t34/epsg:4232>epsg:26735	0	inv: Latitude is out of range: 2.0884161346474662E7
PAIR	t34/epsg:4289>epsg:26748	0	inv: Latitude is out of range: 27.88448758259495
PAIR	t34/epsg:4289>epsg:26748	3	inv: Latitude is out of range: 1174443.6545701735
PAIR	t34/epsg:4289>epsg:26748	4	inv: Latitude is out of range: -1.5694796938130622E9
PAIR	t34/epsg:4322>epsg:26766	1	inv: Latitude is out of range: -2.4840145748126137
PAIR	t34/epsg:4322>epsg:26766	2	inv: Latitude is out of range: -57.69875974764535
PAIR	t34/epsg:4322>epsg:26766	3	inv: Latitude is out of range: 2.484069303878163
PAIR	t34/epsg:4322>epsg:26766	4	inv: Latitude is out of range: 57.700796400989596
PAIR	t34/epsg:4691>epsg:26795	1	inv: Latitude is out of range: -30.79009852440029
PAIR	t34/epsg:4691>epsg:26795	2	inv: Latitude is out of range: -1524.3518487672216
PAIR	t34/epsg:4691>epsg:26795	3	inv: Latitude is out of range: 30.842980392949602
PAIR	t34/epsg:4691>epsg:26795	4	inv: Latitude is out of range: 1529.5362267215494
PAIR	t34/epsg:4817>epsg:32007	0	inv: Latitude is out of range: 5695.859162060378
PAIR	t42/esri:104000>epsg:21418	0	inv: Latitude is out of range: -2482.0665971966396
PAIR	t42/esri:104000>epsg:21418	3	inv: Latitude is out of range: -3.8411061959530737
PAIR	t42/esri:4267>epsg:2044	0	inv: Latitude is out of range: -2481.398275820728
PAIR	t42/esri:4267>epsg:2044	3	inv: Latitude is out of range: -3.8458592335879533
PAIR	t42/esri:4267>epsg:2092	0	inv: Latitude is out of range: 2931.9147399254307
PAIR	t42/esri:4267>epsg:2092	4	inv: Latitude is out of range: 2.4541699037316516
PAIR	t43/epsg:4267>epsg:20009	0	inv: Latitude is out of range: 2924.4782164677135
PAIR	t43/epsg:4267>epsg:20009	4	inv: Latitude is out of range: 2.4516713830862518
PAIR	t43/epsg:4267>epsg:20079	0	inv: Latitude is out of range: 6717.158300257907
PAIR	t43/epsg:4267>epsg:20079	3	inv: Latitude is out of range: 2.9729595278368404
PAIR	t43/epsg:4267>epsg:2392	3	inv: Latitude is out of range: 204.9980246199294
PAIR	t43/esri:104000>epsg:20022	4	inv: Latitude is out of range: 6.060405609981295
PAIR	t43/esri:104000>epsg:20092	0	inv: Latitude is out of range: 21.64349689450469
PAIR	t43/esri:104000>epsg:20092	1	inv: Latitude is out of range: 1.968395082203215
PAIR	t43/esri:104000>epsg:20092	2	inv: Latitude is out of range: 1200.3184108041637
PAIR	t43/esri:104000>epsg:20092	3	inv: Latitude is out of range: 2.304231166914665
PAIR	t43/esri:104000>epsg:20092	4	inv: Latitude is out of range: 687.2659665481995
PAIR	t43/esri:104000>epsg:2468	0	inv: Latitude is out of range: 2924.4782164677194
PAIR	t43/esri:104000>epsg:2468	4	inv: Latitude is out of range: 2.451671383086256
PAIR	t43/esri:4267>epsg:20066	3	inv: Latitude is out of range: 3.937211867154893
PAIR	t43/esri:4267>epsg:2094	0	inv: Latitude is out of range: 284.28300206034953
REG	epsg:2082	3	inv: Latitude is out of range: -1.5744407331521189
REG	epsg:2082	4	inv: Latitude is out of range: -1.5743492179502356
REG	epsg:2083	3	inv: Latitude is out of range: -1.5740744845551815
REG	epsg:2083	4	inv: Latitude is out of range: -1.5738217942727228
REG	epsg:22191	3	inv: Latitude is out of range: -1.5738072720614482
REG	epsg:22191	4	inv: Latitude is out of range: -1.5741001870161433
REG	epsg:22192	3	inv: Latitude is out of range: -1.5738084411818603
REG	epsg:22192	4	inv: Latitude is out of range: -1.5740737314337603
REG	epsg:22193	3	inv: Latitude is out of range: -1.5738112351632638
REG	epsg:22193	4	inv: Latitude is out of range: -1.5740481851536159
REG	epsg:22194	3	inv: Latitude is out of range: -1.5738156465010618
REG	epsg:22194	4	inv: Latitude is out of range: -1.57402361736633
REG	epsg:22195	3	inv: Latitude is out of range: -1.5738216633470272
REG	epsg:22195	4	inv: Latitude is out of range: -1.5740000945545245
REG	epsg:22196	3	inv: Latitude is out of range: -1.573829269539133
REG	epsg:22196	4	inv: Latitude is out of range: -1.5739776803199754
REG	epsg:22197	3	inv: Latitude is out of range: -1.573838444642267
REG	epsg:22197	4	inv: Latitude is out of range: -1.5739564352187703
REG	epsg:3901	0	crs-tgt: vunits parameter is not supported
REG	epsg:3901	1	crs-tgt: vunits parameter is not supported
REG	epsg:3901	2	crs-tgt: vunits parameter is not supported
REG	epsg:3901	3	crs-tgt: vunits parameter is not supported
REG	epsg:3901	4	crs-tgt: vunits parameter is not supported
REG	epsg:3902	0	crs-tgt: vunits parameter is not supported
REG	epsg:3902	1	crs-tgt: vunits parameter is not supported
REG	epsg:3902	2	crs-tgt: vunits parameter is not supported
REG	epsg:3902	3	crs-tgt: vunits parameter is not supported
REG	epsg:3902	4	crs-tgt: vunits parameter is not supported
REG	epsg:3903	0	crs-tgt: vunits parameter is not supported
REG	epsg:3903	1	crs-tgt: vunits parameter is not supported
REG	epsg:3903	2	crs-tgt: vunits parameter is not supported
REG	epsg:3903	3	crs-tgt: vunits parameter is not supported
REG	epsg:3903	4	crs-tgt: vunits parameter is not supported
REG	epsg:4097	0	crs-tgt: vunits parameter is not supported
REG	epsg:4097	1	crs-tgt: vunits parameter is not supported
REG	epsg:4097	2	crs-tgt: vunits parameter is not supported
REG	epsg:4097	3	crs-tgt: vunits parameter is not supported
REG	epsg:4097	4	crs-tgt: vunits parameter is not supported
REG	epsg:4098	0	crs-tgt: vunits parameter is not supported
REG	epsg:4098	1	crs-tgt: vunits parameter is not supported
REG	epsg:4098	2	crs-tgt: vunits parameter is not supported
REG	epsg:4098	3	crs-tgt: vunits parameter is not supported
REG	epsg:4098	4	crs-tgt: vunits parameter is not supported
REG	epsg:4099	0	crs-tgt: vunits parameter is not supported
REG	epsg:4099	1	crs-tgt: vunits parameter is not supported
REG	epsg:4099	2	crs-tgt: vunits parameter is not supported
REG	epsg:4099	3	crs-tgt: vunits parameter is not supported
REG	epsg:4099	4	crs-tgt: vunits parameter is not supported
REG	epsg:4100	0	crs-tgt: vunits parameter is not supported
REG	epsg:4100	1	crs-tgt: vunits parameter is not supported
REG	epsg:4100	2	crs-tgt: vunits parameter is not supported
REG	epsg:4100	3	crs-tgt: vunits parameter is not supported
REG	epsg:4100	4	crs-tgt: vunits parameter is not supported
REG	epsg:5318	0	crs-tgt: vunits parameter is not supported
REG	epsg:5318	1	crs-tgt: vunits parameter is not supported
REG	epsg:5318	2	crs-tgt: vunits parameter is not supported
REG	epsg:5318	3	crs-tgt: vunits parameter is not supported
REG	epsg:5318	4	crs-tgt: vunits parameter is not supported
REG	epsg:5472	0	inv: Infinite longitude
REG	epsg:5498	0	crs-tgt: geoidgrids parameter is not supported
REG	epsg:5498	1	crs-tgt: geoidgrids parameter is not supported
REG	epsg:5498	2	crs-tgt: geoidgrids parameter is not supported
REG	epsg:5498	3	crs-tgt: geoidgrids parameter is not supported
REG	epsg:5498	4	crs-tgt: geoidgrids parameter is not supported
REG	epsg:5499	0	crs-tgt: geoidgrids parameter is not supported
REG	epsg:5499	1	crs-tgt: geoidgrids parameter is not supported
REG	epsg:5499	2	crs-tgt: geoidgrids parameter is not supported
REG	epsg:5499	3	crs-tgt: geoidgrids parameter is not supported
REG	epsg:5499	4	crs-tgt: geoidgrids parameter is not supported
REG	epsg:5500	0	crs-tgt: geoidgrids parameter is not supported
REG	epsg:5500	1	crs-tgt: geoidgrids parameter is not supported
REG	epsg:5500	2	crs-tgt: geoidgrids parameter is not supported
REG	epsg:5500	3	crs-tgt: geoidgrids parameter is not supported
REG	epsg:5500	4	crs-tgt: geoidgrids parameter is not supported
REG	epsg:5554	0	crs-tgt: vunits parameter is not supported
REG	epsg:5554	1	crs-tgt: vunits parameter is not supported
REG	epsg:5554	2	crs-tgt: vunits parameter is not supported
REG	epsg:5554	3	crs-tgt: vunits parameter is not supported
REG	epsg:5554	4	crs-tgt: vunits parameter is not supported
REG	epsg:5555	0	crs-tgt: vunits parameter is not supported
REG	epsg:5555	1	crs-tgt: vunits parameter is not supported
REG	epsg:5555	2	crs-tgt: vunits parameter is not supported
REG	epsg:5555	3	crs-tgt: vunits parameter is not supported
REG	epsg:5555	4	crs-tgt: vunits parameter is not supported
REG	epsg:5556	0	crs-tgt: vunits parameter is not supported
REG	epsg:5556	1	crs-tgt: vunits parameter is not supported
REG	epsg:5556	2	crs-tgt: vunits parameter is not supported
REG	epsg:5556	3	crs-tgt: vunits parameter is not supported
REG	epsg:5556	4	crs-tgt: vunits parameter is not supported
REG	epsg:5598	0	crs-tgt: vunits parameter is not supported
REG	epsg:5598	1	crs-tgt: vunits parameter is not supported
REG	epsg:5598	2	crs-tgt: vunits parameter is not supported
REG	epsg:5598	3	crs-tgt: vunits parameter is not supported
REG	epsg:5598	4	crs-tgt: vunits parameter is not supported
REG	epsg:5628	0	crs-tgt: vunits parameter is not supported
REG	epsg:5628	1	crs-tgt: vunits parameter is not supported
REG	epsg:5628	2	crs-tgt: vunits parameter is not supported
REG	epsg:5628	3	crs-tgt: vunits parameter is not supported
REG	epsg:5628	4	crs-tgt: vunits parameter is not supported
REG	epsg:5698	0	crs-tgt: vunits parameter is not supported
REG	epsg:5698	1	crs-tgt: vunits parameter is not supported
REG	epsg:5698	2	crs-tgt: vunits parameter is not supported
REG	epsg:5698	3	crs-tgt: vunits parameter is not supported
REG	epsg:5698	4	crs-tgt: vunits parameter is not supported
REG	epsg:5699	0	crs-tgt: vunits parameter is not supported
REG	epsg:5699	1	crs-tgt: vunits parameter is not supported
REG	epsg:5699	2	crs-tgt: vunits parameter is not supported
REG	epsg:5699	3	crs-tgt: vunits parameter is not supported
REG	epsg:5699	4	crs-tgt: vunits parameter is not supported
REG	epsg:5707	0	crs-tgt: vunits parameter is not supported
REG	epsg:5707	1	crs-tgt: vunits parameter is not supported
REG	epsg:5707	2	crs-tgt: vunits parameter is not supported
REG	epsg:5707	3	crs-tgt: vunits parameter is not supported
REG	epsg:5707	4	crs-tgt: vunits parameter is not supported
REG	epsg:5708	0	crs-tgt: vunits parameter is not supported
REG	epsg:5708	1	crs-tgt: vunits parameter is not supported
REG	epsg:5708	2	crs-tgt: vunits parameter is not supported
REG	epsg:5708	3	crs-tgt: vunits parameter is not supported
REG	epsg:5708	4	crs-tgt: vunits parameter is not supported
REG	epsg:5832	0	crs-tgt: vunits parameter is not supported
REG	epsg:5832	1	crs-tgt: vunits parameter is not supported
REG	epsg:5832	2	crs-tgt: vunits parameter is not supported
REG	epsg:5832	3	crs-tgt: vunits parameter is not supported
REG	epsg:5832	4	crs-tgt: vunits parameter is not supported
REG	epsg:5833	0	crs-tgt: vunits parameter is not supported
REG	epsg:5833	1	crs-tgt: vunits parameter is not supported
REG	epsg:5833	2	crs-tgt: vunits parameter is not supported
REG	epsg:5833	3	crs-tgt: vunits parameter is not supported
REG	epsg:5833	4	crs-tgt: vunits parameter is not supported
REG	epsg:5834	0	crs-tgt: vunits parameter is not supported
REG	epsg:5834	1	crs-tgt: vunits parameter is not supported
REG	epsg:5834	2	crs-tgt: vunits parameter is not supported
REG	epsg:5834	3	crs-tgt: vunits parameter is not supported
REG	epsg:5834	4	crs-tgt: vunits parameter is not supported
REG	epsg:5835	0	crs-tgt: vunits parameter is not supported
REG	epsg:5835	1	crs-tgt: vunits parameter is not supported
REG	epsg:5835	2	crs-tgt: vunits parameter is not supported
REG	epsg:5835	3	crs-tgt: vunits parameter is not supported
REG	epsg:5835	4	crs-tgt: vunits parameter is not supported
REG	epsg:5845	0	crs-tgt: vunits parameter is not supported
REG	epsg:5845	1	crs-tgt: vunits parameter is not supported
REG	epsg:5845	2	crs-tgt: vunits parameter is not supported
REG	epsg:5845	3	crs-tgt: vunits parameter is not supported
REG	epsg:5845	4	crs-tgt: vunits parameter is not supported
REG	epsg:5846	0	crs-tgt: vunits parameter is not supported
REG	epsg:5846	1	crs-tgt: vunits parameter is not supported
REG	epsg:5846	2	crs-tgt: vunits parameter is not supported
REG	epsg:5846	3	crs-tgt: vunits parameter is not supported
REG	epsg:5846	4	crs-tgt: vunits parameter is not supported
REG	epsg:5847	0	crs-tgt: vunits parameter is not supported
REG	epsg:5847	1	crs-tgt: vunits parameter is not supported
REG	epsg:5847	2	crs-tgt: vunits parameter is not supported
REG	epsg:5847	3	crs-tgt: vunits parameter is not supported
REG	epsg:5847	4	crs-tgt: vunits parameter is not supported
REG	epsg:5848	0	crs-tgt: vunits parameter is not supported
REG	epsg:5848	1	crs-tgt: vunits parameter is not supported
REG	epsg:5848	2	crs-tgt: vunits parameter is not supported
REG	epsg:5848	3	crs-tgt: vunits parameter is not supported
REG	epsg:5848	4	crs-tgt: vunits parameter is not supported
REG	epsg:5849	0	crs-tgt: vunits parameter is not supported
REG	epsg:5849	1	crs-tgt: vunits parameter is not supported
REG	epsg:5849	2	crs-tgt: vunits parameter is not supported
REG	epsg:5849	3	crs-tgt: vunits parameter is not supported
REG	epsg:5849	4	crs-tgt: vunits parameter is not supported
REG	epsg:5850	0	crs-tgt: vunits parameter is not supported
REG	epsg:5850	1	crs-tgt: vunits parameter is not supported
REG	epsg:5850	2	crs-tgt: vunits parameter is not supported
REG	epsg:5850	3	crs-tgt: vunits parameter is not supported
REG	epsg:5850	4	crs-tgt: vunits parameter is not supported
REG	epsg:5851	0	crs-tgt: vunits parameter is not supported
REG	epsg:5851	1	crs-tgt: vunits parameter is not supported
REG	epsg:5851	2	crs-tgt: vunits parameter is not supported
REG	epsg:5851	3	crs-tgt: vunits parameter is not supported
REG	epsg:5851	4	crs-tgt: vunits parameter is not supported
REG	epsg:5852	0	crs-tgt: vunits parameter is not supported
REG	epsg:5852	1	crs-tgt: vunits parameter is not supported
REG	epsg:5852	2	crs-tgt: vunits parameter is not supported
REG	epsg:5852	3	crs-tgt: vunits parameter is not supported
REG	epsg:5852	4	crs-tgt: vunits parameter is not supported
REG	epsg:5853	0	crs-tgt: vunits parameter is not supported
REG	epsg:5853	1	crs-tgt: vunits parameter is not supported
REG	epsg:5853	2	crs-tgt: vunits parameter is not supported
REG	epsg:5853	3	crs-tgt: vunits parameter is not supported
REG	epsg:5853	4	crs-tgt: vunits parameter is not supported
REG	epsg:5854	0	crs-tgt: vunits parameter is not supported
REG	epsg:5854	1	crs-tgt: vunits parameter is not supported
REG	epsg:5854	2	crs-tgt: vunits parameter is not supported
REG	epsg:5854	3	crs-tgt: vunits parameter is not supported
REG	epsg:5854	4	crs-tgt: vunits parameter is not supported
REG	epsg:5855	0	crs-tgt: vunits parameter is not supported
REG	epsg:5855	1	crs-tgt: vunits parameter is not supported
REG	epsg:5855	2	crs-tgt: vunits parameter is not supported
REG	epsg:5855	3	crs-tgt: vunits parameter is not supported
REG	epsg:5855	4	crs-tgt: vunits parameter is not supported
REG	epsg:5856	0	crs-tgt: vunits parameter is not supported
REG	epsg:5856	1	crs-tgt: vunits parameter is not supported
REG	epsg:5856	2	crs-tgt: vunits parameter is not supported
REG	epsg:5856	3	crs-tgt: vunits parameter is not supported
REG	epsg:5856	4	crs-tgt: vunits parameter is not supported
REG	epsg:5857	0	crs-tgt: vunits parameter is not supported
REG	epsg:5857	1	crs-tgt: vunits parameter is not supported
REG	epsg:5857	2	crs-tgt: vunits parameter is not supported
REG	epsg:5857	3	crs-tgt: vunits parameter is not supported
REG	epsg:5857	4	crs-tgt: vunits parameter is not supported
REG	epsg:5942	0	crs-tgt: vunits parameter is not supported
REG	epsg:5942	1	crs-tgt: vunits parameter is not supported
REG	epsg:5942	2	crs-tgt: vunits parameter is not supported
REG	epsg:5942	3	crs-tgt: vunits parameter is not supported
REG	epsg:5942	4	crs-tgt: vunits parameter is not supported
REG	epsg:5945	0	crs-tgt: vunits parameter is not supported
REG	epsg:5945	1	crs-tgt: vunits parameter is not supported
REG	epsg:5945	2	crs-tgt: vunits parameter is not supported
REG	epsg:5945	3	crs-tgt: vunits parameter is not supported
REG	epsg:5945	4	crs-tgt: vunits parameter is not supported
REG	epsg:5946	0	crs-tgt: vunits parameter is not supported
REG	epsg:5946	1	crs-tgt: vunits parameter is not supported
REG	epsg:5946	2	crs-tgt: vunits parameter is not supported
REG	epsg:5946	3	crs-tgt: vunits parameter is not supported
REG	epsg:5946	4	crs-tgt: vunits parameter is not supported
REG	epsg:5947	0	crs-tgt: vunits parameter is not supported
REG	epsg:5947	1	crs-tgt: vunits parameter is not supported
REG	epsg:5947	2	crs-tgt: vunits parameter is not supported
REG	epsg:5947	3	crs-tgt: vunits parameter is not supported
REG	epsg:5947	4	crs-tgt: vunits parameter is not supported
REG	epsg:5948	0	crs-tgt: vunits parameter is not supported
REG	epsg:5948	1	crs-tgt: vunits parameter is not supported
REG	epsg:5948	2	crs-tgt: vunits parameter is not supported
REG	epsg:5948	3	crs-tgt: vunits parameter is not supported
REG	epsg:5948	4	crs-tgt: vunits parameter is not supported
REG	epsg:5949	0	crs-tgt: vunits parameter is not supported
REG	epsg:5949	1	crs-tgt: vunits parameter is not supported
REG	epsg:5949	2	crs-tgt: vunits parameter is not supported
REG	epsg:5949	3	crs-tgt: vunits parameter is not supported
REG	epsg:5949	4	crs-tgt: vunits parameter is not supported
REG	epsg:5950	0	crs-tgt: vunits parameter is not supported
REG	epsg:5950	1	crs-tgt: vunits parameter is not supported
REG	epsg:5950	2	crs-tgt: vunits parameter is not supported
REG	epsg:5950	3	crs-tgt: vunits parameter is not supported
REG	epsg:5950	4	crs-tgt: vunits parameter is not supported
REG	epsg:5951	0	crs-tgt: vunits parameter is not supported
REG	epsg:5951	1	crs-tgt: vunits parameter is not supported
REG	epsg:5951	2	crs-tgt: vunits parameter is not supported
REG	epsg:5951	3	crs-tgt: vunits parameter is not supported
REG	epsg:5951	4	crs-tgt: vunits parameter is not supported
REG	epsg:5952	0	crs-tgt: vunits parameter is not supported
REG	epsg:5952	1	crs-tgt: vunits parameter is not supported
REG	epsg:5952	2	crs-tgt: vunits parameter is not supported
REG	epsg:5952	3	crs-tgt: vunits parameter is not supported
REG	epsg:5952	4	crs-tgt: vunits parameter is not supported
REG	epsg:5953	0	crs-tgt: vunits parameter is not supported
REG	epsg:5953	1	crs-tgt: vunits parameter is not supported
REG	epsg:5953	2	crs-tgt: vunits parameter is not supported
REG	epsg:5953	3	crs-tgt: vunits parameter is not supported
REG	epsg:5953	4	crs-tgt: vunits parameter is not supported
REG	epsg:5954	0	crs-tgt: vunits parameter is not supported
REG	epsg:5954	1	crs-tgt: vunits parameter is not supported
REG	epsg:5954	2	crs-tgt: vunits parameter is not supported
REG	epsg:5954	3	crs-tgt: vunits parameter is not supported
REG	epsg:5954	4	crs-tgt: vunits parameter is not supported
REG	epsg:5955	0	crs-tgt: vunits parameter is not supported
REG	epsg:5955	1	crs-tgt: vunits parameter is not supported
REG	epsg:5955	2	crs-tgt: vunits parameter is not supported
REG	epsg:5955	3	crs-tgt: vunits parameter is not supported
REG	epsg:5955	4	crs-tgt: vunits parameter is not supported
REG	epsg:5956	0	crs-tgt: vunits parameter is not supported
REG	epsg:5956	1	crs-tgt: vunits parameter is not supported
REG	epsg:5956	2	crs-tgt: vunits parameter is not supported
REG	epsg:5956	3	crs-tgt: vunits parameter is not supported
REG	epsg:5956	4	crs-tgt: vunits parameter is not supported
REG	epsg:5957	0	crs-tgt: vunits parameter is not supported
REG	epsg:5957	1	crs-tgt: vunits parameter is not supported
REG	epsg:5957	2	crs-tgt: vunits parameter is not supported
REG	epsg:5957	3	crs-tgt: vunits parameter is not supported
REG	epsg:5957	4	crs-tgt: vunits parameter is not supported
REG	epsg:5958	0	crs-tgt: vunits parameter is not supported
REG	epsg:5958	1	crs-tgt: vunits parameter is not supported
REG	epsg:5958	2	crs-tgt: vunits parameter is not supported
REG	epsg:5958	3	crs-tgt: vunits parameter is not supported
REG	epsg:5958	4	crs-tgt: vunits parameter is not supported
REG	epsg:5959	0	crs-tgt: vunits parameter is not supported
REG	epsg:5959	1	crs-tgt: vunits parameter is not supported
REG	epsg:5959	2	crs-tgt: vunits parameter is not supported
REG	epsg:5959	3	crs-tgt: vunits parameter is not supported
REG	epsg:5959	4	crs-tgt: vunits parameter is not supported
REG	epsg:5960	0	crs-tgt: vunits parameter is not supported
REG	epsg:5960	1	crs-tgt: vunits parameter is not supported
REG	epsg:5960	2	crs-tgt: vunits parameter is not supported
REG	epsg:5960	3	crs-tgt: vunits parameter is not supported
REG	epsg:5960	4	crs-tgt: vunits parameter is not supported
REG	epsg:5961	0	crs-tgt: vunits parameter is not supported
REG	epsg:5961	1	crs-tgt: vunits parameter is not supported
REG	epsg:5961	2	crs-tgt: vunits parameter is not supported
REG	epsg:5961	3	crs-tgt: vunits parameter is not supported
REG	epsg:5961	4	crs-tgt: vunits parameter is not supported
REG	epsg:5962	0	crs-tgt: vunits parameter is not supported
REG	epsg:5962	1	crs-tgt: vunits parameter is not supported
REG	epsg:5962	2	crs-tgt: vunits parameter is not supported
REG	epsg:5962	3	crs-tgt: vunits parameter is not supported
REG	epsg:5962	4	crs-tgt: vunits parameter is not supported
REG	epsg:5963	0	crs-tgt: vunits parameter is not supported
REG	epsg:5963	1	crs-tgt: vunits parameter is not supported
REG	epsg:5963	2	crs-tgt: vunits parameter is not supported
REG	epsg:5963	3	crs-tgt: vunits parameter is not supported
REG	epsg:5963	4	crs-tgt: vunits parameter is not supported
REG	epsg:5964	0	crs-tgt: vunits parameter is not supported
REG	epsg:5964	1	crs-tgt: vunits parameter is not supported
REG	epsg:5964	2	crs-tgt: vunits parameter is not supported
REG	epsg:5964	3	crs-tgt: vunits parameter is not supported
REG	epsg:5964	4	crs-tgt: vunits parameter is not supported
REG	epsg:5965	0	crs-tgt: vunits parameter is not supported
REG	epsg:5965	1	crs-tgt: vunits parameter is not supported
REG	epsg:5965	2	crs-tgt: vunits parameter is not supported
REG	epsg:5965	3	crs-tgt: vunits parameter is not supported
REG	epsg:5965	4	crs-tgt: vunits parameter is not supported
REG	epsg:5966	0	crs-tgt: vunits parameter is not supported
REG	epsg:5966	1	crs-tgt: vunits parameter is not supported
REG	epsg:5966	2	crs-tgt: vunits parameter is not supported
REG	epsg:5966	3	crs-tgt: vunits parameter is not supported
REG	epsg:5966	4	crs-tgt: vunits parameter is not supported
REG	epsg:5967	0	crs-tgt: vunits parameter is not supported
REG	epsg:5967	1	crs-tgt: vunits parameter is not supported
REG	epsg:5967	2	crs-tgt: vunits parameter is not supported
REG	epsg:5967	3	crs-tgt: vunits parameter is not supported
REG	epsg:5967	4	crs-tgt: vunits parameter is not supported
REG	epsg:5968	0	crs-tgt: vunits parameter is not supported
REG	epsg:5968	1	crs-tgt: vunits parameter is not supported
REG	epsg:5968	2	crs-tgt: vunits parameter is not supported
REG	epsg:5968	3	crs-tgt: vunits parameter is not supported
REG	epsg:5968	4	crs-tgt: vunits parameter is not supported
REG	epsg:5969	0	crs-tgt: vunits parameter is not supported
REG	epsg:5969	1	crs-tgt: vunits parameter is not supported
REG	epsg:5969	2	crs-tgt: vunits parameter is not supported
REG	epsg:5969	3	crs-tgt: vunits parameter is not supported
REG	epsg:5969	4	crs-tgt: vunits parameter is not supported
REG	epsg:5970	0	crs-tgt: vunits parameter is not supported
REG	epsg:5970	1	crs-tgt: vunits parameter is not supported
REG	epsg:5970	2	crs-tgt: vunits parameter is not supported
REG	epsg:5970	3	crs-tgt: vunits parameter is not supported
REG	epsg:5970	4	crs-tgt: vunits parameter is not supported
REG	epsg:5971	0	crs-tgt: vunits parameter is not supported
REG	epsg:5971	1	crs-tgt: vunits parameter is not supported
REG	epsg:5971	2	crs-tgt: vunits parameter is not supported
REG	epsg:5971	3	crs-tgt: vunits parameter is not supported
REG	epsg:5971	4	crs-tgt: vunits parameter is not supported
REG	epsg:5972	0	crs-tgt: vunits parameter is not supported
REG	epsg:5972	1	crs-tgt: vunits parameter is not supported
REG	epsg:5972	2	crs-tgt: vunits parameter is not supported
REG	epsg:5972	3	crs-tgt: vunits parameter is not supported
REG	epsg:5972	4	crs-tgt: vunits parameter is not supported
REG	epsg:5973	0	crs-tgt: vunits parameter is not supported
REG	epsg:5973	1	crs-tgt: vunits parameter is not supported
REG	epsg:5973	2	crs-tgt: vunits parameter is not supported
REG	epsg:5973	3	crs-tgt: vunits parameter is not supported
REG	epsg:5973	4	crs-tgt: vunits parameter is not supported
REG	epsg:5974	0	crs-tgt: vunits parameter is not supported
REG	epsg:5974	1	crs-tgt: vunits parameter is not supported
REG	epsg:5974	2	crs-tgt: vunits parameter is not supported
REG	epsg:5974	3	crs-tgt: vunits parameter is not supported
REG	epsg:5974	4	crs-tgt: vunits parameter is not supported
REG	epsg:5975	0	crs-tgt: vunits parameter is not supported
REG	epsg:5975	1	crs-tgt: vunits parameter is not supported
REG	epsg:5975	2	crs-tgt: vunits parameter is not supported
REG	epsg:5975	3	crs-tgt: vunits parameter is not supported
REG	epsg:5975	4	crs-tgt: vunits parameter is not supported
REG	epsg:5976	0	crs-tgt: vunits parameter is not supported
REG	epsg:5976	1	crs-tgt: vunits parameter is not supported
REG	epsg:5976	2	crs-tgt: vunits parameter is not supported
REG	epsg:5976	3	crs-tgt: vunits parameter is not supported
REG	epsg:5976	4	crs-tgt: vunits parameter is not supported
REG	epsg:6144	0	crs-tgt: vunits parameter is not supported
REG	epsg:6144	1	crs-tgt: vunits parameter is not supported
REG	epsg:6144	2	crs-tgt: vunits parameter is not supported
REG	epsg:6144	3	crs-tgt: vunits parameter is not supported
REG	epsg:6144	4	crs-tgt: vunits parameter is not supported
REG	epsg:6145	0	crs-tgt: vunits parameter is not supported
REG	epsg:6145	1	crs-tgt: vunits parameter is not supported
REG	epsg:6145	2	crs-tgt: vunits parameter is not supported
REG	epsg:6145	3	crs-tgt: vunits parameter is not supported
REG	epsg:6145	4	crs-tgt: vunits parameter is not supported
REG	epsg:6146	0	crs-tgt: vunits parameter is not supported
REG	epsg:6146	1	crs-tgt: vunits parameter is not supported
REG	epsg:6146	2	crs-tgt: vunits parameter is not supported
REG	epsg:6146	3	crs-tgt: vunits parameter is not supported
REG	epsg:6146	4	crs-tgt: vunits parameter is not supported
REG	epsg:6147	0	crs-tgt: vunits parameter is not supported
REG	epsg:6147	1	crs-tgt: vunits parameter is not supported
REG	epsg:6147	2	crs-tgt: vunits parameter is not supported
REG	epsg:6147	3	crs-tgt: vunits parameter is not supported
REG	epsg:6147	4	crs-tgt: vunits parameter is not supported
REG	epsg:6148	0	crs-tgt: vunits parameter is not supported
REG	epsg:6148	1	crs-tgt: vunits parameter is not supported
REG	epsg:6148	2	crs-tgt: vunits parameter is not supported
REG	epsg:6148	3	crs-tgt: vunits parameter is not supported
REG	epsg:6148	4	crs-tgt: vunits parameter is not supported
REG	epsg:6149	0	crs-tgt: vunits parameter is not supported
REG	epsg:6149	1	crs-tgt: vunits parameter is not supported
REG	epsg:6149	2	crs-tgt: vunits parameter is not supported
REG	epsg:6149	3	crs-tgt: vunits parameter is not supported
REG	epsg:6149	4	crs-tgt: vunits parameter is not supported
REG	epsg:6150	0	crs-tgt: vunits parameter is not supported
REG	epsg:6150	1	crs-tgt: vunits parameter is not supported
REG	epsg:6150	2	crs-tgt: vunits parameter is not supported
REG	epsg:6150	3	crs-tgt: vunits parameter is not supported
REG	epsg:6150	4	crs-tgt: vunits parameter is not supported
REG	epsg:6151	0	crs-tgt: vunits parameter is not supported
REG	epsg:6151	1	crs-tgt: vunits parameter is not supported
REG	epsg:6151	2	crs-tgt: vunits parameter is not supported
REG	epsg:6151	3	crs-tgt: vunits parameter is not supported
REG	epsg:6151	4	crs-tgt: vunits parameter is not supported
REG	epsg:6152	0	crs-tgt: vunits parameter is not supported
REG	epsg:6152	1	crs-tgt: vunits parameter is not supported
REG	epsg:6152	2	crs-tgt: vunits parameter is not supported
REG	epsg:6152	3	crs-tgt: vunits parameter is not supported
REG	epsg:6152	4	crs-tgt: vunits parameter is not supported
REG	epsg:6153	0	crs-tgt: vunits parameter is not supported
REG	epsg:6153	1	crs-tgt: vunits parameter is not supported
REG	epsg:6153	2	crs-tgt: vunits parameter is not supported
REG	epsg:6153	3	crs-tgt: vunits parameter is not supported
REG	epsg:6153	4	crs-tgt: vunits parameter is not supported
REG	epsg:6154	0	crs-tgt: vunits parameter is not supported
REG	epsg:6154	1	crs-tgt: vunits parameter is not supported
REG	epsg:6154	2	crs-tgt: vunits parameter is not supported
REG	epsg:6154	3	crs-tgt: vunits parameter is not supported
REG	epsg:6154	4	crs-tgt: vunits parameter is not supported
REG	epsg:6155	0	crs-tgt: vunits parameter is not supported
REG	epsg:6155	1	crs-tgt: vunits parameter is not supported
REG	epsg:6155	2	crs-tgt: vunits parameter is not supported
REG	epsg:6155	3	crs-tgt: vunits parameter is not supported
REG	epsg:6155	4	crs-tgt: vunits parameter is not supported
REG	epsg:6156	0	crs-tgt: vunits parameter is not supported
REG	epsg:6156	1	crs-tgt: vunits parameter is not supported
REG	epsg:6156	2	crs-tgt: vunits parameter is not supported
REG	epsg:6156	3	crs-tgt: vunits parameter is not supported
REG	epsg:6156	4	crs-tgt: vunits parameter is not supported
REG	epsg:6157	0	crs-tgt: vunits parameter is not supported
REG	epsg:6157	1	crs-tgt: vunits parameter is not supported
REG	epsg:6157	2	crs-tgt: vunits parameter is not supported
REG	epsg:6157	3	crs-tgt: vunits parameter is not supported
REG	epsg:6157	4	crs-tgt: vunits parameter is not supported
REG	epsg:6158	0	crs-tgt: vunits parameter is not supported
REG	epsg:6158	1	crs-tgt: vunits parameter is not supported
REG	epsg:6158	2	crs-tgt: vunits parameter is not supported
REG	epsg:6158	3	crs-tgt: vunits parameter is not supported
REG	epsg:6158	4	crs-tgt: vunits parameter is not supported
REG	epsg:6159	0	crs-tgt: vunits parameter is not supported
REG	epsg:6159	1	crs-tgt: vunits parameter is not supported
REG	epsg:6159	2	crs-tgt: vunits parameter is not supported
REG	epsg:6159	3	crs-tgt: vunits parameter is not supported
REG	epsg:6159	4	crs-tgt: vunits parameter is not supported
REG	epsg:6160	0	crs-tgt: vunits parameter is not supported
REG	epsg:6160	1	crs-tgt: vunits parameter is not supported
REG	epsg:6160	2	crs-tgt: vunits parameter is not supported
REG	epsg:6160	3	crs-tgt: vunits parameter is not supported
REG	epsg:6160	4	crs-tgt: vunits parameter is not supported
REG	epsg:6161	0	crs-tgt: vunits parameter is not supported
REG	epsg:6161	1	crs-tgt: vunits parameter is not supported
REG	epsg:6161	2	crs-tgt: vunits parameter is not supported
REG	epsg:6161	3	crs-tgt: vunits parameter is not supported
REG	epsg:6161	4	crs-tgt: vunits parameter is not supported
REG	epsg:6162	0	crs-tgt: vunits parameter is not supported
REG	epsg:6162	1	crs-tgt: vunits parameter is not supported
REG	epsg:6162	2	crs-tgt: vunits parameter is not supported
REG	epsg:6162	3	crs-tgt: vunits parameter is not supported
REG	epsg:6162	4	crs-tgt: vunits parameter is not supported
REG	epsg:6163	0	crs-tgt: vunits parameter is not supported
REG	epsg:6163	1	crs-tgt: vunits parameter is not supported
REG	epsg:6163	2	crs-tgt: vunits parameter is not supported
REG	epsg:6163	3	crs-tgt: vunits parameter is not supported
REG	epsg:6163	4	crs-tgt: vunits parameter is not supported
REG	epsg:6164	0	crs-tgt: vunits parameter is not supported
REG	epsg:6164	1	crs-tgt: vunits parameter is not supported
REG	epsg:6164	2	crs-tgt: vunits parameter is not supported
REG	epsg:6164	3	crs-tgt: vunits parameter is not supported
REG	epsg:6164	4	crs-tgt: vunits parameter is not supported
REG	epsg:6165	0	crs-tgt: vunits parameter is not supported
REG	epsg:6165	1	crs-tgt: vunits parameter is not supported
REG	epsg:6165	2	crs-tgt: vunits parameter is not supported
REG	epsg:6165	3	crs-tgt: vunits parameter is not supported
REG	epsg:6165	4	crs-tgt: vunits parameter is not supported
REG	epsg:6166	0	crs-tgt: vunits parameter is not supported
REG	epsg:6166	1	crs-tgt: vunits parameter is not supported
REG	epsg:6166	2	crs-tgt: vunits parameter is not supported
REG	epsg:6166	3	crs-tgt: vunits parameter is not supported
REG	epsg:6166	4	crs-tgt: vunits parameter is not supported
REG	epsg:6167	0	crs-tgt: vunits parameter is not supported
REG	epsg:6167	1	crs-tgt: vunits parameter is not supported
REG	epsg:6167	2	crs-tgt: vunits parameter is not supported
REG	epsg:6167	3	crs-tgt: vunits parameter is not supported
REG	epsg:6167	4	crs-tgt: vunits parameter is not supported
REG	epsg:6168	0	crs-tgt: vunits parameter is not supported
REG	epsg:6168	1	crs-tgt: vunits parameter is not supported
REG	epsg:6168	2	crs-tgt: vunits parameter is not supported
REG	epsg:6168	3	crs-tgt: vunits parameter is not supported
REG	epsg:6168	4	crs-tgt: vunits parameter is not supported
REG	epsg:6169	0	crs-tgt: vunits parameter is not supported
REG	epsg:6169	1	crs-tgt: vunits parameter is not supported
REG	epsg:6169	2	crs-tgt: vunits parameter is not supported
REG	epsg:6169	3	crs-tgt: vunits parameter is not supported
REG	epsg:6169	4	crs-tgt: vunits parameter is not supported
REG	epsg:6170	0	crs-tgt: vunits parameter is not supported
REG	epsg:6170	1	crs-tgt: vunits parameter is not supported
REG	epsg:6170	2	crs-tgt: vunits parameter is not supported
REG	epsg:6170	3	crs-tgt: vunits parameter is not supported
REG	epsg:6170	4	crs-tgt: vunits parameter is not supported
REG	epsg:6171	0	crs-tgt: vunits parameter is not supported
REG	epsg:6171	1	crs-tgt: vunits parameter is not supported
REG	epsg:6171	2	crs-tgt: vunits parameter is not supported
REG	epsg:6171	3	crs-tgt: vunits parameter is not supported
REG	epsg:6171	4	crs-tgt: vunits parameter is not supported
REG	epsg:6172	0	crs-tgt: vunits parameter is not supported
REG	epsg:6172	1	crs-tgt: vunits parameter is not supported
REG	epsg:6172	2	crs-tgt: vunits parameter is not supported
REG	epsg:6172	3	crs-tgt: vunits parameter is not supported
REG	epsg:6172	4	crs-tgt: vunits parameter is not supported
REG	epsg:6173	0	crs-tgt: vunits parameter is not supported
REG	epsg:6173	1	crs-tgt: vunits parameter is not supported
REG	epsg:6173	2	crs-tgt: vunits parameter is not supported
REG	epsg:6173	3	crs-tgt: vunits parameter is not supported
REG	epsg:6173	4	crs-tgt: vunits parameter is not supported
REG	epsg:6174	0	crs-tgt: vunits parameter is not supported
REG	epsg:6174	1	crs-tgt: vunits parameter is not supported
REG	epsg:6174	2	crs-tgt: vunits parameter is not supported
REG	epsg:6174	3	crs-tgt: vunits parameter is not supported
REG	epsg:6174	4	crs-tgt: vunits parameter is not supported
REG	epsg:6175	0	crs-tgt: vunits parameter is not supported
REG	epsg:6175	1	crs-tgt: vunits parameter is not supported
REG	epsg:6175	2	crs-tgt: vunits parameter is not supported
REG	epsg:6175	3	crs-tgt: vunits parameter is not supported
REG	epsg:6175	4	crs-tgt: vunits parameter is not supported
REG	epsg:6176	0	crs-tgt: vunits parameter is not supported
REG	epsg:6176	1	crs-tgt: vunits parameter is not supported
REG	epsg:6176	2	crs-tgt: vunits parameter is not supported
REG	epsg:6176	3	crs-tgt: vunits parameter is not supported
REG	epsg:6176	4	crs-tgt: vunits parameter is not supported
REG	epsg:6190	0	crs-tgt: vunits parameter is not supported
REG	epsg:6190	1	crs-tgt: vunits parameter is not supported
REG	epsg:6190	2	crs-tgt: vunits parameter is not supported
REG	epsg:6190	3	crs-tgt: vunits parameter is not supported
REG	epsg:6190	4	crs-tgt: vunits parameter is not supported
REG	epsg:6349	0	crs-tgt: geoidgrids parameter is not supported
REG	epsg:6349	1	crs-tgt: geoidgrids parameter is not supported
REG	epsg:6349	2	crs-tgt: geoidgrids parameter is not supported
REG	epsg:6349	3	crs-tgt: geoidgrids parameter is not supported
REG	epsg:6349	4	crs-tgt: geoidgrids parameter is not supported
REG	epsg:6649	0	crs-tgt: vunits parameter is not supported
REG	epsg:6649	1	crs-tgt: vunits parameter is not supported
REG	epsg:6649	2	crs-tgt: vunits parameter is not supported
REG	epsg:6649	3	crs-tgt: vunits parameter is not supported
REG	epsg:6649	4	crs-tgt: vunits parameter is not supported
REG	epsg:6650	0	crs-tgt: vunits parameter is not supported
REG	epsg:6650	1	crs-tgt: vunits parameter is not supported
REG	epsg:6650	2	crs-tgt: vunits parameter is not supported
REG	epsg:6650	3	crs-tgt: vunits parameter is not supported
REG	epsg:6650	4	crs-tgt: vunits parameter is not supported
REG	epsg:6651	0	crs-tgt: vunits parameter is not supported
REG	epsg:6651	1	crs-tgt: vunits parameter is not supported
REG	epsg:6651	2	crs-tgt: vunits parameter is not supported
REG	epsg:6651	3	crs-tgt: vunits parameter is not supported
REG	epsg:6651	4	crs-tgt: vunits parameter is not supported
REG	epsg:6652	0	crs-tgt: vunits parameter is not supported
REG	epsg:6652	1	crs-tgt: vunits parameter is not supported
REG	epsg:6652	2	crs-tgt: vunits parameter is not supported
REG	epsg:6652	3	crs-tgt: vunits parameter is not supported
REG	epsg:6652	4	crs-tgt: vunits parameter is not supported
REG	epsg:6653	0	crs-tgt: vunits parameter is not supported
REG	epsg:6653	1	crs-tgt: vunits parameter is not supported
REG	epsg:6653	2	crs-tgt: vunits parameter is not supported
REG	epsg:6653	3	crs-tgt: vunits parameter is not supported
REG	epsg:6653	4	crs-tgt: vunits parameter is not supported
REG	epsg:6654	0	crs-tgt: vunits parameter is not supported
REG	epsg:6654	1	crs-tgt: vunits parameter is not supported
REG	epsg:6654	2	crs-tgt: vunits parameter is not supported
REG	epsg:6654	3	crs-tgt: vunits parameter is not supported
REG	epsg:6654	4	crs-tgt: vunits parameter is not supported
REG	epsg:6655	0	crs-tgt: vunits parameter is not supported
REG	epsg:6655	1	crs-tgt: vunits parameter is not supported
REG	epsg:6655	2	crs-tgt: vunits parameter is not supported
REG	epsg:6655	3	crs-tgt: vunits parameter is not supported
REG	epsg:6655	4	crs-tgt: vunits parameter is not supported
REG	epsg:6656	0	crs-tgt: vunits parameter is not supported
REG	epsg:6656	1	crs-tgt: vunits parameter is not supported
REG	epsg:6656	2	crs-tgt: vunits parameter is not supported
REG	epsg:6656	3	crs-tgt: vunits parameter is not supported
REG	epsg:6656	4	crs-tgt: vunits parameter is not supported
REG	epsg:6657	0	crs-tgt: vunits parameter is not supported
REG	epsg:6657	1	crs-tgt: vunits parameter is not supported
REG	epsg:6657	2	crs-tgt: vunits parameter is not supported
REG	epsg:6657	3	crs-tgt: vunits parameter is not supported
REG	epsg:6657	4	crs-tgt: vunits parameter is not supported
REG	epsg:6658	0	crs-tgt: vunits parameter is not supported
REG	epsg:6658	1	crs-tgt: vunits parameter is not supported
REG	epsg:6658	2	crs-tgt: vunits parameter is not supported
REG	epsg:6658	3	crs-tgt: vunits parameter is not supported
REG	epsg:6658	4	crs-tgt: vunits parameter is not supported
REG	epsg:6659	0	crs-tgt: vunits parameter is not supported
REG	epsg:6659	1	crs-tgt: vunits parameter is not supported
REG	epsg:6659	2	crs-tgt: vunits parameter is not supported
REG	epsg:6659	3	crs-tgt: vunits parameter is not supported
REG	epsg:6659	4	crs-tgt: vunits parameter is not supported
REG	epsg:6660	0	crs-tgt: vunits parameter is not supported
REG	epsg:6660	1	crs-tgt: vunits parameter is not supported
REG	epsg:6660	2	crs-tgt: vunits parameter is not supported
REG	epsg:6660	3	crs-tgt: vunits parameter is not supported
REG	epsg:6660	4	crs-tgt: vunits parameter is not supported
REG	epsg:6661	0	crs-tgt: vunits parameter is not supported
REG	epsg:6661	1	crs-tgt: vunits parameter is not supported
REG	epsg:6661	2	crs-tgt: vunits parameter is not supported
REG	epsg:6661	3	crs-tgt: vunits parameter is not supported
REG	epsg:6661	4	crs-tgt: vunits parameter is not supported
REG	epsg:6662	0	crs-tgt: vunits parameter is not supported
REG	epsg:6662	1	crs-tgt: vunits parameter is not supported
REG	epsg:6662	2	crs-tgt: vunits parameter is not supported
REG	epsg:6662	3	crs-tgt: vunits parameter is not supported
REG	epsg:6662	4	crs-tgt: vunits parameter is not supported
REG	epsg:6663	0	crs-tgt: vunits parameter is not supported
REG	epsg:6663	1	crs-tgt: vunits parameter is not supported
REG	epsg:6663	2	crs-tgt: vunits parameter is not supported
REG	epsg:6663	3	crs-tgt: vunits parameter is not supported
REG	epsg:6663	4	crs-tgt: vunits parameter is not supported
REG	epsg:6664	0	crs-tgt: vunits parameter is not supported
REG	epsg:6664	1	crs-tgt: vunits parameter is not supported
REG	epsg:6664	2	crs-tgt: vunits parameter is not supported
REG	epsg:6664	3	crs-tgt: vunits parameter is not supported
REG	epsg:6664	4	crs-tgt: vunits parameter is not supported
REG	epsg:6665	0	crs-tgt: vunits parameter is not supported
REG	epsg:6665	1	crs-tgt: vunits parameter is not supported
REG	epsg:6665	2	crs-tgt: vunits parameter is not supported
REG	epsg:6665	3	crs-tgt: vunits parameter is not supported
REG	epsg:6665	4	crs-tgt: vunits parameter is not supported
REG	epsg:6696	0	crs-tgt: vunits parameter is not supported
REG	epsg:6696	1	crs-tgt: vunits parameter is not supported
REG	epsg:6696	2	crs-tgt: vunits parameter is not supported
REG	epsg:6696	3	crs-tgt: vunits parameter is not supported
REG	epsg:6696	4	crs-tgt: vunits parameter is not supported
REG	epsg:6697	0	crs-tgt: vunits parameter is not supported
REG	epsg:6697	1	crs-tgt: vunits parameter is not supported
REG	epsg:6697	2	crs-tgt: vunits parameter is not supported
REG	epsg:6697	3	crs-tgt: vunits parameter is not supported
REG	epsg:6697	4	crs-tgt: vunits parameter is not supported
REG	epsg:6700	0	crs-tgt: vunits parameter is not supported
REG	epsg:6700	1	crs-tgt: vunits parameter is not supported
REG	epsg:6700	2	crs-tgt: vunits parameter is not supported
REG	epsg:6700	3	crs-tgt: vunits parameter is not supported
REG	epsg:6700	4	crs-tgt: vunits parameter is not supported
REG	epsg:6871	0	crs-tgt: geoidgrids parameter is not supported
REG	epsg:6871	1	crs-tgt: geoidgrids parameter is not supported
REG	epsg:6871	2	crs-tgt: geoidgrids parameter is not supported
REG	epsg:6871	3	crs-tgt: geoidgrids parameter is not supported
REG	epsg:6871	4	crs-tgt: geoidgrids parameter is not supported
REG	epsg:6893	0	crs-tgt: geoidgrids parameter is not supported
REG	epsg:6893	1	crs-tgt: geoidgrids parameter is not supported
REG	epsg:6893	2	crs-tgt: geoidgrids parameter is not supported
REG	epsg:6893	3	crs-tgt: geoidgrids parameter is not supported
REG	epsg:6893	4	crs-tgt: geoidgrids parameter is not supported
REG	epsg:6917	0	crs-tgt: vunits parameter is not supported
REG	epsg:6917	1	crs-tgt: vunits parameter is not supported
REG	epsg:6917	2	crs-tgt: vunits parameter is not supported
REG	epsg:6917	3	crs-tgt: vunits parameter is not supported
REG	epsg:6917	4	crs-tgt: vunits parameter is not supported
REG	epsg:6927	0	crs-tgt: vunits parameter is not supported
REG	epsg:6927	1	crs-tgt: vunits parameter is not supported
REG	epsg:6927	2	crs-tgt: vunits parameter is not supported
REG	epsg:6927	3	crs-tgt: vunits parameter is not supported
REG	epsg:6927	4	crs-tgt: vunits parameter is not supported
REG	epsg:7400	0	crs-tgt: vunits parameter is not supported
REG	epsg:7400	1	crs-tgt: vunits parameter is not supported
REG	epsg:7400	2	crs-tgt: vunits parameter is not supported
REG	epsg:7400	3	crs-tgt: vunits parameter is not supported
REG	epsg:7400	4	crs-tgt: vunits parameter is not supported
REG	epsg:7401	0	crs-tgt: vunits parameter is not supported
REG	epsg:7401	1	crs-tgt: vunits parameter is not supported
REG	epsg:7401	2	crs-tgt: vunits parameter is not supported
REG	epsg:7401	3	crs-tgt: vunits parameter is not supported
REG	epsg:7401	4	crs-tgt: vunits parameter is not supported
REG	epsg:7402	0	crs-tgt: vunits parameter is not supported
REG	epsg:7402	1	crs-tgt: vunits parameter is not supported
REG	epsg:7402	2	crs-tgt: vunits parameter is not supported
REG	epsg:7402	3	crs-tgt: vunits parameter is not supported
REG	epsg:7402	4	crs-tgt: vunits parameter is not supported
REG	epsg:7403	0	crs-tgt: vunits parameter is not supported
REG	epsg:7403	1	crs-tgt: vunits parameter is not supported
REG	epsg:7403	2	crs-tgt: vunits parameter is not supported
REG	epsg:7403	3	crs-tgt: vunits parameter is not supported
REG	epsg:7403	4	crs-tgt: vunits parameter is not supported
REG	epsg:7404	0	crs-tgt: vunits parameter is not supported
REG	epsg:7404	1	crs-tgt: vunits parameter is not supported
REG	epsg:7404	2	crs-tgt: vunits parameter is not supported
REG	epsg:7404	3	crs-tgt: vunits parameter is not supported
REG	epsg:7404	4	crs-tgt: vunits parameter is not supported
REG	epsg:7405	0	crs-tgt: vunits parameter is not supported
REG	epsg:7405	1	crs-tgt: vunits parameter is not supported
REG	epsg:7405	2	crs-tgt: vunits parameter is not supported
REG	epsg:7405	3	crs-tgt: vunits parameter is not supported
REG	epsg:7405	4	crs-tgt: vunits parameter is not supported
REG	epsg:7406	0	crs-tgt: vunits parameter is not supported
REG	epsg:7406	1	crs-tgt: vunits parameter is not supported
REG	epsg:7406	2	crs-tgt: vunits parameter is not supported
REG	epsg:7406	3	crs-tgt: vunits parameter is not supported
REG	epsg:7406	4	crs-tgt: vunits parameter is not supported
REG	epsg:7407	0	crs-tgt: vunits parameter is not supported
REG	epsg:7407	1	crs-tgt: vunits parameter is not supported
REG	epsg:7407	2	crs-tgt: vunits parameter is not supported
REG	epsg:7407	3	crs-tgt: vunits parameter is not supported
REG	epsg:7407	4	crs-tgt: vunits parameter is not supported
REG	epsg:7408	0	crs-tgt: vunits parameter is not supported
REG	epsg:7408	1	crs-tgt: vunits parameter is not supported
REG	epsg:7408	2	crs-tgt: vunits parameter is not supported
REG	epsg:7408	3	crs-tgt: vunits parameter is not supported
REG	epsg:7408	4	crs-tgt: vunits parameter is not supported
REG	epsg:7409	0	crs-tgt: vunits parameter is not supported
REG	epsg:7409	1	crs-tgt: vunits parameter is not supported
REG	epsg:7409	2	crs-tgt: vunits parameter is not supported
REG	epsg:7409	3	crs-tgt: vunits parameter is not supported
REG	epsg:7409	4	crs-tgt: vunits parameter is not supported
REG	epsg:7410	0	crs-tgt: vunits parameter is not supported
REG	epsg:7410	1	crs-tgt: vunits parameter is not supported
REG	epsg:7410	2	crs-tgt: vunits parameter is not supported
REG	epsg:7410	3	crs-tgt: vunits parameter is not supported
REG	epsg:7410	4	crs-tgt: vunits parameter is not supported
REG	epsg:7411	0	crs-tgt: vunits parameter is not supported
REG	epsg:7411	1	crs-tgt: vunits parameter is not supported
REG	epsg:7411	2	crs-tgt: vunits parameter is not supported
REG	epsg:7411	3	crs-tgt: vunits parameter is not supported
REG	epsg:7411	4	crs-tgt: vunits parameter is not supported
REG	epsg:7412	0	crs-tgt: vunits parameter is not supported
REG	epsg:7412	1	crs-tgt: vunits parameter is not supported
REG	epsg:7412	2	crs-tgt: vunits parameter is not supported
REG	epsg:7412	3	crs-tgt: vunits parameter is not supported
REG	epsg:7412	4	crs-tgt: vunits parameter is not supported
REG	epsg:7413	0	crs-tgt: vunits parameter is not supported
REG	epsg:7413	1	crs-tgt: vunits parameter is not supported
REG	epsg:7413	2	crs-tgt: vunits parameter is not supported
REG	epsg:7413	3	crs-tgt: vunits parameter is not supported
REG	epsg:7413	4	crs-tgt: vunits parameter is not supported
REG	epsg:7414	0	crs-tgt: vunits parameter is not supported
REG	epsg:7414	1	crs-tgt: vunits parameter is not supported
REG	epsg:7414	2	crs-tgt: vunits parameter is not supported
REG	epsg:7414	3	crs-tgt: vunits parameter is not supported
REG	epsg:7414	4	crs-tgt: vunits parameter is not supported
REG	epsg:7415	0	crs-tgt: vunits parameter is not supported
REG	epsg:7415	1	crs-tgt: vunits parameter is not supported
REG	epsg:7415	2	crs-tgt: vunits parameter is not supported
REG	epsg:7415	3	crs-tgt: vunits parameter is not supported
REG	epsg:7415	4	crs-tgt: vunits parameter is not supported
REG	epsg:7416	0	crs-tgt: vunits parameter is not supported
REG	epsg:7416	1	crs-tgt: vunits parameter is not supported
REG	epsg:7416	2	crs-tgt: vunits parameter is not supported
REG	epsg:7416	3	crs-tgt: vunits parameter is not supported
REG	epsg:7416	4	crs-tgt: vunits parameter is not supported
REG	epsg:7417	0	crs-tgt: vunits parameter is not supported
REG	epsg:7417	1	crs-tgt: vunits parameter is not supported
REG	epsg:7417	2	crs-tgt: vunits parameter is not supported
REG	epsg:7417	3	crs-tgt: vunits parameter is not supported
REG	epsg:7417	4	crs-tgt: vunits parameter is not supported
REG	epsg:7418	0	crs-tgt: vunits parameter is not supported
REG	epsg:7418	1	crs-tgt: vunits parameter is not supported
REG	epsg:7418	2	crs-tgt: vunits parameter is not supported
REG	epsg:7418	3	crs-tgt: vunits parameter is not supported
REG	epsg:7418	4	crs-tgt: vunits parameter is not supported
REG	epsg:7419	0	crs-tgt: vunits parameter is not supported
REG	epsg:7419	1	crs-tgt: vunits parameter is not supported
REG	epsg:7419	2	crs-tgt: vunits parameter is not supported
REG	epsg:7419	3	crs-tgt: vunits parameter is not supported
REG	epsg:7419	4	crs-tgt: vunits parameter is not supported
REG	epsg:7420	0	crs-tgt: vunits parameter is not supported
REG	epsg:7420	1	crs-tgt: vunits parameter is not supported
REG	epsg:7420	2	crs-tgt: vunits parameter is not supported
REG	epsg:7420	3	crs-tgt: vunits parameter is not supported
REG	epsg:7420	4	crs-tgt: vunits parameter is not supported
REG	epsg:7421	0	crs-tgt: vunits parameter is not supported
REG	epsg:7421	1	crs-tgt: vunits parameter is not supported
REG	epsg:7421	2	crs-tgt: vunits parameter is not supported
REG	epsg:7421	3	crs-tgt: vunits parameter is not supported
REG	epsg:7421	4	crs-tgt: vunits parameter is not supported
REG	epsg:7422	0	crs-tgt: vunits parameter is not supported
REG	epsg:7422	1	crs-tgt: vunits parameter is not supported
REG	epsg:7422	2	crs-tgt: vunits parameter is not supported
REG	epsg:7422	3	crs-tgt: vunits parameter is not supported
REG	epsg:7422	4	crs-tgt: vunits parameter is not supported
REG	epsg:7423	0	crs-tgt: vunits parameter is not supported
REG	epsg:7423	1	crs-tgt: vunits parameter is not supported
REG	epsg:7423	2	crs-tgt: vunits parameter is not supported
REG	epsg:7423	3	crs-tgt: vunits parameter is not supported
REG	epsg:7423	4	crs-tgt: vunits parameter is not supported
REG	epsg:7954	0	crs-tgt: vunits parameter is not supported
REG	epsg:7954	1	crs-tgt: vunits parameter is not supported
REG	epsg:7954	2	crs-tgt: vunits parameter is not supported
REG	epsg:7954	3	crs-tgt: vunits parameter is not supported
REG	epsg:7954	4	crs-tgt: vunits parameter is not supported
REG	epsg:7955	0	crs-tgt: vunits parameter is not supported
REG	epsg:7955	1	crs-tgt: vunits parameter is not supported
REG	epsg:7955	2	crs-tgt: vunits parameter is not supported
REG	epsg:7955	3	crs-tgt: vunits parameter is not supported
REG	epsg:7955	4	crs-tgt: vunits parameter is not supported
REG	epsg:7956	0	crs-tgt: vunits parameter is not supported
REG	epsg:7956	1	crs-tgt: vunits parameter is not supported
REG	epsg:7956	2	crs-tgt: vunits parameter is not supported
REG	epsg:7956	3	crs-tgt: vunits parameter is not supported
REG	epsg:7956	4	crs-tgt: vunits parameter is not supported
REG	epsg:8349	0	crs-tgt: vunits parameter is not supported
REG	epsg:8349	1	crs-tgt: vunits parameter is not supported
REG	epsg:8349	2	crs-tgt: vunits parameter is not supported
REG	epsg:8349	3	crs-tgt: vunits parameter is not supported
REG	epsg:8349	4	crs-tgt: vunits parameter is not supported
REG	epsg:8350	0	crs-tgt: vunits parameter is not supported
REG	epsg:8350	1	crs-tgt: vunits parameter is not supported
REG	epsg:8350	2	crs-tgt: vunits parameter is not supported
REG	epsg:8350	3	crs-tgt: vunits parameter is not supported
REG	epsg:8350	4	crs-tgt: vunits parameter is not supported
REG	esri:102163	0	crs-tgt: Keyword 'proj' is a required parameter
REG	esri:102163	1	crs-tgt: Keyword 'proj' is a required parameter
REG	esri:102163	2	crs-tgt: Keyword 'proj' is a required parameter
REG	esri:102163	3	crs-tgt: Keyword 'proj' is a required parameter
REG	esri:102163	4	crs-tgt: Keyword 'proj' is a required parameter
REG	esri:102766	0	inv: Infinite longitude
REG	esri:2056	0	crs-tgt: Obl 1
REG	esri:2056	1	crs-tgt: Obl 1
REG	esri:2056	2	crs-tgt: Obl 1
REG	esri:2056	3	crs-tgt: Obl 1
REG	esri:2056	4	crs-tgt: Obl 1
REG	esri:2083	3	inv: Latitude is out of range: -1.5740918336988863
REG	esri:2083	4	inv: Latitude is out of range: -1.5738255937417747
REG	esri:21780	0	crs-tgt: Obl 1
REG	esri:21780	1	crs-tgt: Obl 1
REG	esri:21780	2	crs-tgt: Obl 1
REG	esri:21780	3	crs-tgt: Obl 1
REG	esri:21780	4	crs-tgt: Obl 1
REG	esri:21781	0	crs-tgt: Obl 1
REG	esri:21781	1	crs-tgt: Obl 1
REG	esri:21781	2	crs-tgt: Obl 1
REG	esri:21781	3	crs-tgt: Obl 1
REG	esri:21781	4	crs-tgt: Obl 1
REG	esri:23700	0	crs-tgt: Obl 1
REG	esri:23700	1	crs-tgt: Obl 1
REG	esri:23700	2	crs-tgt: Obl 1
REG	esri:23700	3	crs-tgt: Obl 1
REG	esri:23700	4	crs-tgt: Obl 1
REG	esri:53001	0	crs-tgt: Keyword 'proj' is a required parameter
REG	esri:53001	1	crs-tgt: Keyword 'proj' is a required parameter
REG	esri:53001	2	crs-tgt: Keyword 'proj' is a required parameter
REG	esri:53001	3	crs-tgt: Keyword 'proj' is a required parameter
REG	esri:53001	4	crs-tgt: Keyword 'proj' is a required parameter
REG	esri:53002	0	crs-tgt: Keyword 'proj' is a required parameter
REG	esri:53002	1	crs-tgt: Keyword 'proj' is a required parameter
REG	esri:53002	2	crs-tgt: Keyword 'proj' is a required parameter
REG	esri:53002	3	crs-tgt: Keyword 'proj' is a required parameter
REG	esri:53002	4	crs-tgt: Keyword 'proj' is a required parameter
REG	esri:53011	0	crs-tgt: Keyword 'proj' is a required parameter
REG	esri:53011	1	crs-tgt: Keyword 'proj' is a required parameter
REG	esri:53011	2	crs-tgt: Keyword 'proj' is a required parameter
REG	esri:53011	3	crs-tgt: Keyword 'proj' is a required parameter
REG	esri:53011	4	crs-tgt: Keyword 'proj' is a required parameter
REG	esri:53013	0	crs-tgt: Keyword 'proj' is a required parameter
REG	esri:53013	1	crs-tgt: Keyword 'proj' is a required parameter
REG	esri:53013	2	crs-tgt: Keyword 'proj' is a required parameter
REG	esri:53013	3	crs-tgt: Keyword 'proj' is a required parameter
REG	esri:53013	4	crs-tgt: Keyword 'proj' is a required parameter
REG	esri:53014	0	crs-tgt: Keyword 'proj' is a required parameter
REG	esri:53014	1	crs-tgt: Keyword 'proj' is a required parameter
REG	esri:53014	2	crs-tgt: Keyword 'proj' is a required parameter
REG	esri:53014	3	crs-tgt: Keyword 'proj' is a required parameter
REG	esri:53014	4	crs-tgt: Keyword 'proj' is a required parameter
REG	esri:53015	0	crs-tgt: Keyword 'proj' is a required parameter
REG	esri:53015	1	crs-tgt: Keyword 'proj' is a required parameter
REG	esri:53015	2	crs-tgt: Keyword 'proj' is a required parameter
REG	esri:53015	3	crs-tgt: Keyword 'proj' is a required parameter
REG	esri:53015	4	crs-tgt: Keyword 'proj' is a required parameter
REG	esri:53017	0	crs-tgt: Keyword 'proj' is a required parameter
REG	esri:53017	1	crs-tgt: Keyword 'proj' is a required parameter
REG	esri:53017	2	crs-tgt: Keyword 'proj' is a required parameter
REG	esri:53017	3	crs-tgt: Keyword 'proj' is a required parameter
REG	esri:53017	4	crs-tgt: Keyword 'proj' is a required parameter
REG	esri:53018	0	crs-tgt: Keyword 'proj' is a required parameter
REG	esri:53018	1	crs-tgt: Keyword 'proj' is a required parameter
REG	esri:53018	2	crs-tgt: Keyword 'proj' is a required parameter
REG	esri:53018	3	crs-tgt: Keyword 'proj' is a required parameter
REG	esri:53018	4	crs-tgt: Keyword 'proj' is a required parameter
REG	esri:53019	0	crs-tgt: Keyword 'proj' is a required parameter
REG	esri:53019	1	crs-tgt: Keyword 'proj' is a required parameter
REG	esri:53019	2	crs-tgt: Keyword 'proj' is a required parameter
REG	esri:53019	3	crs-tgt: Keyword 'proj' is a required parameter
REG	esri:53019	4	crs-tgt: Keyword 'proj' is a required parameter
REG	esri:53022	0	crs-tgt: Keyword 'proj' is a required parameter
REG	esri:53022	1	crs-tgt: Keyword 'proj' is a required parameter
REG	esri:53022	2	crs-tgt: Keyword 'proj' is a required parameter
REG	esri:53022	3	crs-tgt: Keyword 'proj' is a required parameter
REG	esri:53022	4	crs-tgt: Keyword 'proj' is a required parameter
REG	esri:53023	0	crs-tgt: Keyword 'proj' is a required parameter
REG	esri:53023	1	crs-tgt: Keyword 'proj' is a required parameter
REG	esri:53023	2	crs-tgt: Keyword 'proj' is a required parameter
REG	esri:53023	3	crs-tgt: Keyword 'proj' is a required parameter
REG	esri:53023	4	crs-tgt: Keyword 'proj' is a required parameter
REG	esri:53024	0	crs-tgt: Keyword 'proj' is a required parameter
REG	esri:53024	1	crs-tgt: Keyword 'proj' is a required parameter
REG	esri:53024	2	crs-tgt: Keyword 'proj' is a required parameter
REG	esri:53024	3	crs-tgt: Keyword 'proj' is a required parameter
REG	esri:53024	4	crs-tgt: Keyword 'proj' is a required parameter
REG	esri:53025	0	crs-tgt: Keyword 'proj' is a required parameter
REG	esri:53025	1	crs-tgt: Keyword 'proj' is a required parameter
REG	esri:53025	2	crs-tgt: Keyword 'proj' is a required parameter
REG	esri:53025	3	crs-tgt: Keyword 'proj' is a required parameter
REG	esri:53025	4	crs-tgt: Keyword 'proj' is a required parameter
REG	esri:53031	0	crs-tgt: Keyword 'proj' is a required parameter
REG	esri:53031	1	crs-tgt: Keyword 'proj' is a required parameter
REG	esri:53031	2	crs-tgt: Keyword 'proj' is a required parameter
REG	esri:53031	3	crs-tgt: Keyword 'proj' is a required parameter
REG	esri:53031	4	crs-tgt: Keyword 'proj' is a required parameter
REG	esri:54001	0	crs-tgt: Keyword 'proj' is a required parameter
REG	esri:54001	1	crs-tgt: Keyword 'proj' is a required parameter
REG	esri:54001	2	crs-tgt: Keyword 'proj' is a required parameter
REG	esri:54001	3	crs-tgt: Keyword 'proj' is a required parameter
REG	esri:54001	4	crs-tgt: Keyword 'proj' is a required parameter
REG	esri:54002	0	crs-tgt: Keyword 'proj' is a required parameter
REG	esri:54002	1	crs-tgt: Keyword 'proj' is a required parameter
REG	esri:54002	2	crs-tgt: Keyword 'proj' is a required parameter
REG	esri:54002	3	crs-tgt: Keyword 'proj' is a required parameter
REG	esri:54002	4	crs-tgt: Keyword 'proj' is a required parameter
REG	esri:54011	0	crs-tgt: Keyword 'proj' is a required parameter
REG	esri:54011	1	crs-tgt: Keyword 'proj' is a required parameter
REG	esri:54011	2	crs-tgt: Keyword 'proj' is a required parameter
REG	esri:54011	3	crs-tgt: Keyword 'proj' is a required parameter
REG	esri:54011	4	crs-tgt: Keyword 'proj' is a required parameter
REG	esri:54013	0	crs-tgt: Keyword 'proj' is a required parameter
REG	esri:54013	1	crs-tgt: Keyword 'proj' is a required parameter
REG	esri:54013	2	crs-tgt: Keyword 'proj' is a required parameter
REG	esri:54013	3	crs-tgt: Keyword 'proj' is a required parameter
REG	esri:54013	4	crs-tgt: Keyword 'proj' is a required parameter
REG	esri:54014	0	crs-tgt: Keyword 'proj' is a required parameter
REG	esri:54014	1	crs-tgt: Keyword 'proj' is a required parameter
REG	esri:54014	2	crs-tgt: Keyword 'proj' is a required parameter
REG	esri:54014	3	crs-tgt: Keyword 'proj' is a required parameter
REG	esri:54014	4	crs-tgt: Keyword 'proj' is a required parameter
REG	esri:54015	0	crs-tgt: Keyword 'proj' is a required parameter
REG	esri:54015	1	crs-tgt: Keyword 'proj' is a required parameter
REG	esri:54015	2	crs-tgt: Keyword 'proj' is a required parameter
REG	esri:54015	3	crs-tgt: Keyword 'proj' is a required parameter
REG	esri:54015	4	crs-tgt: Keyword 'proj' is a required parameter
REG	esri:54017	0	crs-tgt: Keyword 'proj' is a required parameter
REG	esri:54017	1	crs-tgt: Keyword 'proj' is a required parameter
REG	esri:54017	2	crs-tgt: Keyword 'proj' is a required parameter
REG	esri:54017	3	crs-tgt: Keyword 'proj' is a required parameter
REG	esri:54017	4	crs-tgt: Keyword 'proj' is a required parameter
REG	esri:54018	0	crs-tgt: Keyword 'proj' is a required parameter
REG	esri:54018	1	crs-tgt: Keyword 'proj' is a required parameter
REG	esri:54018	2	crs-tgt: Keyword 'proj' is a required parameter
REG	esri:54018	3	crs-tgt: Keyword 'proj' is a required parameter
REG	esri:54018	4	crs-tgt: Keyword 'proj' is a required parameter
REG	esri:54019	0	crs-tgt: Keyword 'proj' is a required parameter
REG	esri:54019	1	crs-tgt: Keyword 'proj' is a required parameter
REG	esri:54019	2	crs-tgt: Keyword 'proj' is a required parameter
REG	esri:54019	3	crs-tgt: Keyword 'proj' is a required parameter
REG	esri:54019	4	crs-tgt: Keyword 'proj' is a required parameter
REG	esri:54022	0	crs-tgt: Keyword 'proj' is a required parameter
REG	esri:54022	1	crs-tgt: Keyword 'proj' is a required parameter
REG	esri:54022	2	crs-tgt: Keyword 'proj' is a required parameter
REG	esri:54022	3	crs-tgt: Keyword 'proj' is a required parameter
REG	esri:54022	4	crs-tgt: Keyword 'proj' is a required parameter
REG	esri:54023	0	crs-tgt: Keyword 'proj' is a required parameter
REG	esri:54023	1	crs-tgt: Keyword 'proj' is a required parameter
REG	esri:54023	2	crs-tgt: Keyword 'proj' is a required parameter
REG	esri:54023	3	crs-tgt: Keyword 'proj' is a required parameter
REG	esri:54023	4	crs-tgt: Keyword 'proj' is a required parameter
REG	esri:54024	0	crs-tgt: Keyword 'proj' is a required parameter
REG	esri:54024	1	crs-tgt: Keyword 'proj' is a required parameter
REG	esri:54024	2	crs-tgt: Keyword 'proj' is a required parameter
REG	esri:54024	3	crs-tgt: Keyword 'proj' is a required parameter
REG	esri:54024	4	crs-tgt: Keyword 'proj' is a required parameter
REG	esri:54025	0	crs-tgt: Keyword 'proj' is a required parameter
REG	esri:54025	1	crs-tgt: Keyword 'proj' is a required parameter
REG	esri:54025	2	crs-tgt: Keyword 'proj' is a required parameter
REG	esri:54025	3	crs-tgt: Keyword 'proj' is a required parameter
REG	esri:54025	4	crs-tgt: Keyword 'proj' is a required parameter
REG	esri:54031	0	crs-tgt: Keyword 'proj' is a required parameter
REG	esri:54031	1	crs-tgt: Keyword 'proj' is a required parameter
REG	esri:54031	2	crs-tgt: Keyword 'proj' is a required parameter
REG	esri:54031	3	crs-tgt: Keyword 'proj' is a required parameter
REG	esri:54031	4	crs-tgt: Keyword 'proj' is a required parameter
REG	esri:65061	0	inv: Infinite longitude
REG	esri:65161	0	inv: Infinite longitude
REG	nad27:5001	0	crs-tgt: For input string: "-36d52'11.6315"
REG	nad27:5001	1	crs-tgt: For input string: "-36d52'11.6315"
REG	nad27:5001	2	crs-tgt: For input string: "-36d52'11.6315"
REG	nad27:5001	3	crs-tgt: For input string: "-36d52'11.6315"
REG	nad27:5001	4	crs-tgt: For input string: "-36d52'11.6315"
REG	nad27:5400	0	inv: Infinite longitude
REG	nad83:5001	0	crs-tgt: For input string: "-36d52'11.6315"
REG	nad83:5001	1	crs-tgt: For input string: "-36d52'11.6315"
REG	nad83:5001	2	crs-tgt: For input string: "-36d52'11.6315"
REG	nad83:5001	3	crs-tgt: For input string: "-36d52'11.6315"
REG	nad83:5001	4	crs-tgt: For input string: "-36d52'11.6315"
REG	world:ceylon	0	crs-tgt: Unknown ellipsoid: everest
REG	world:ceylon	1	crs-tgt: Unknown ellipsoid: everest
REG	world:ceylon	2	crs-tgt: Unknown ellipsoid: everest
REG	world:ceylon	3	crs-tgt: Unknown ellipsoid: everest
REG	world:ceylon	4	crs-tgt: Unknown ellipsoid: everest
REG	world:india-I	0	crs-tgt: Unknown ellipsoid: everest
REG	world:india-I	1	crs-tgt: Unknown ellipsoid: everest
REG	world:india-I	2	crs-tgt: Unknown ellipsoid: everest
REG	world:india-I	3	crs-tgt: Unknown ellipsoid: everest
REG	world:india-I	4	crs-tgt: Unknown ellipsoid: everest
REG	world:india-IIA	0	crs-tgt: Unknown ellipsoid: everest
REG	world:india-IIA	1	crs-tgt: Unknown ellipsoid: everest
REG	world:india-IIA	2	crs-tgt: Unknown ellipsoid: everest
REG	world:india-IIA	3	crs-tgt: Unknown ellipsoid: everest
REG	world:india-IIA	4	crs-tgt: Unknown ellipsoid: everest
REG	world:india-IIB	0	crs-tgt: Unknown ellipsoid: everest
REG	world:india-IIB	1	crs-tgt: Unknown ellipsoid: everest
REG	world:india-IIB	2	crs-tgt: Unknown ellipsoid: everest
REG	world:india-IIB	3	crs-tgt: Unknown ellipsoid: everest
REG	world:india-IIB	4	crs-tgt: Unknown ellipsoid: everest
REG	world:india-IIIA	0	crs-tgt: Unknown ellipsoid: everest
REG	world:india-IIIA	1	crs-tgt: Unknown ellipsoid: everest
REG	world:india-IIIA	2	crs-tgt: Unknown ellipsoid: everest
REG	world:india-IIIA	3	crs-tgt: Unknown ellipsoid: everest
REG	world:india-IIIA	4	crs-tgt: Unknown ellipsoid: everest
REG	world:india-IIIB	0	crs-tgt: Unknown ellipsoid: everest
REG	world:india-IIIB	1	crs-tgt: Unknown ellipsoid: everest
REG	world:india-IIIB	2	crs-tgt: Unknown ellipsoid: everest
REG	world:india-IIIB	3	crs-tgt: Unknown ellipsoid: everest
REG	world:india-IIIB	4	crs-tgt: Unknown ellipsoid: everest
REG	world:india-IVA	0	crs-tgt: Unknown ellipsoid: everest
REG	world:india-IVA	1	crs-tgt: Unknown ellipsoid: everest
REG	world:india-IVA	2	crs-tgt: Unknown ellipsoid: everest
REG	world:india-IVA	3	crs-tgt: Unknown ellipsoid: everest
REG	world:india-IVA	4	crs-tgt: Unknown ellipsoid: everest
REG	world:india-IVB	0	crs-tgt: Unknown ellipsoid: everest
REG	world:india-IVB	1	crs-tgt: Unknown ellipsoid: everest
REG	world:india-IVB	2	crs-tgt: Unknown ellipsoid: everest
REG	world:india-IVB	3	crs-tgt: Unknown ellipsoid: everest
REG	world:india-IVB	4	crs-tgt: Unknown ellipsoid: everest
REG	world:madagascar	0	crs-tgt: azi parameter is not supported
REG	world:madagascar	1	crs-tgt: azi parameter is not supported
REG	world:madagascar	2	crs-tgt: azi parameter is not supported
REG	world:madagascar	3	crs-tgt: azi parameter is not supported
REG	world:madagascar	4	crs-tgt: azi parameter is not supported
REG	world:malay	0	crs-tgt: rot_conv parameter is not supported
REG	world:malay	1	crs-tgt: rot_conv parameter is not supported
REG	world:malay	2	crs-tgt: rot_conv parameter is not supported
REG	world:malay	3	crs-tgt: rot_conv parameter is not supported
REG	world:malay	4	crs-tgt: rot_conv parameter is not supported
REG	world:n-alger	0	crs-tgt: 
REG	world:n-alger	1	crs-tgt: 
REG	world:n-alger	2	crs-tgt: 
REG	world:n-alger	3	crs-tgt: 
REG	world:n-alger	4	crs-tgt: 
REG	world:n-maroc	0	crs-tgt: 
REG	world:n-maroc	1	crs-tgt: 
REG	world:n-maroc	2	crs-tgt: 
REG	world:n-maroc	3	crs-tgt: 
REG	world:n-maroc	4	crs-tgt: 
REG	world:n-tunis	0	crs-tgt: 
REG	world:n-tunis	1	crs-tgt: 
REG	world:n-tunis	2	crs-tgt: 
REG	world:n-tunis	3	crs-tgt: 
REG	world:n-tunis	4	crs-tgt: 
REG	world:new_zealand	0	inv: Infinite longitude
REG	world:new_zealand	1	inv: Infinite longitude
REG	world:new_zealand	2	inv: Infinite longitude
REG	world:new_zealand	3	inv: Infinite longitude
REG	world:new_zealand	4	inv: Infinite longitude
REG	world:s-alger	0	crs-tgt: 
REG	world:s-alger	1	crs-tgt: 
REG	world:s-alger	2	crs-tgt: 
REG	world:s-alger	3	crs-tgt: 
REG	world:s-alger	4	crs-tgt: 
REG	world:s-maroc	0	crs-tgt: 
REG	world:s-maroc	1	crs-tgt: 
REG	world:s-maroc	2	crs-tgt: 
REG	world:s-maroc	3	crs-tgt: 
REG	world:s-maroc	4	crs-tgt: 
REG	world:s-tunis	0	crs-tgt: 
REG	world:s-tunis	1	crs-tgt: 
REG	world:s-tunis	2	crs-tgt: 
REG	world:s-tunis	3	crs-tgt: 
REG	world:s-tunis	4	crs-tgt: 
SYN	ellps/GSK2011	0	crs-tgt: Unknown ellipsoid: GSK2011
SYN	ellps/GSK2011	1	crs-tgt: Unknown ellipsoid: GSK2011
SYN	ellps/GSK2011	2	crs-tgt: Unknown ellipsoid: GSK2011
SYN	ellps/GSK2011	3	crs-tgt: Unknown ellipsoid: GSK2011
SYN	ellps/GSK2011	4	crs-tgt: Unknown ellipsoid: GSK2011
SYN	ellps/NWL9D	0	inv: Computation of phi2 failed to converage after 15 iterations
SYN	ellps/NWL9D	1	inv: Computation of phi2 failed to converage after 15 iterations
SYN	ellps/NWL9D	2	inv: Computation of phi2 failed to converage after 15 iterations
SYN	ellps/NWL9D	3	inv: Computation of phi2 failed to converage after 15 iterations
SYN	ellps/NWL9D	4	inv: Computation of phi2 failed to converage after 15 iterations
SYN	ellps/PZ90	0	crs-tgt: Unknown ellipsoid: PZ90
SYN	ellps/PZ90	1	crs-tgt: Unknown ellipsoid: PZ90
SYN	ellps/PZ90	2	crs-tgt: Unknown ellipsoid: PZ90
SYN	ellps/PZ90	3	crs-tgt: Unknown ellipsoid: PZ90
SYN	ellps/PZ90	4	crs-tgt: Unknown ellipsoid: PZ90
SYN	ellps/andrae	0	inv: Computation of phi2 failed to converage after 15 iterations
SYN	ellps/andrae	1	inv: Computation of phi2 failed to converage after 15 iterations
SYN	ellps/andrae	2	inv: Computation of phi2 failed to converage after 15 iterations
SYN	ellps/andrae	3	inv: Computation of phi2 failed to converage after 15 iterations
SYN	ellps/andrae	4	inv: Computation of phi2 failed to converage after 15 iterations
SYN	ellps/australian	0	crs-tgt: Unknown ellipsoid: australian
SYN	ellps/australian	1	crs-tgt: Unknown ellipsoid: australian
SYN	ellps/australian	2	crs-tgt: Unknown ellipsoid: australian
SYN	ellps/australian	3	crs-tgt: Unknown ellipsoid: australian
SYN	ellps/australian	4	crs-tgt: Unknown ellipsoid: australian
SYN	ellps/clrk80ign	0	crs-tgt: Unknown ellipsoid: clrk80ign
SYN	ellps/clrk80ign	1	crs-tgt: Unknown ellipsoid: clrk80ign
SYN	ellps/clrk80ign	2	crs-tgt: Unknown ellipsoid: clrk80ign
SYN	ellps/clrk80ign	3	crs-tgt: Unknown ellipsoid: clrk80ign
SYN	ellps/clrk80ign	4	crs-tgt: Unknown ellipsoid: clrk80ign
SYN	ellps/danish	0	crs-tgt: Unknown ellipsoid: danish
SYN	ellps/danish	1	crs-tgt: Unknown ellipsoid: danish
SYN	ellps/danish	2	crs-tgt: Unknown ellipsoid: danish
SYN	ellps/danish	3	crs-tgt: Unknown ellipsoid: danish
SYN	ellps/danish	4	crs-tgt: Unknown ellipsoid: danish
SYN	mod/aea/R_C	0	crs-tgt: R_C parameter is not supported
SYN	mod/aea/R_C	1	crs-tgt: R_C parameter is not supported
SYN	mod/aea/R_C	2	crs-tgt: R_C parameter is not supported
SYN	mod/aea/R_C	3	crs-tgt: R_C parameter is not supported
SYN	mod/aea/R_C	4	crs-tgt: R_C parameter is not supported
SYN	mod/aea/R_V	0	crs-tgt: R_V parameter is not supported
SYN	mod/aea/R_V	1	crs-tgt: R_V parameter is not supported
SYN	mod/aea/R_V	2	crs-tgt: R_V parameter is not supported
SYN	mod/aea/R_V	3	crs-tgt: R_V parameter is not supported
SYN	mod/aea/R_V	4	crs-tgt: R_V parameter is not supported
SYN	mod/aea/R_a	0	crs-tgt: R_a parameter is not supported
SYN	mod/aea/R_a	1	crs-tgt: R_a parameter is not supported
SYN	mod/aea/R_a	2	crs-tgt: R_a parameter is not supported
SYN	mod/aea/R_a	3	crs-tgt: R_a parameter is not supported
SYN	mod/aea/R_a	4	crs-tgt: R_a parameter is not supported
SYN	mod/aea/R_g	0	crs-tgt: R_g parameter is not supported
SYN	mod/aea/R_g	1	crs-tgt: R_g parameter is not supported
SYN	mod/aea/R_g	2	crs-tgt: R_g parameter is not supported
SYN	mod/aea/R_g	3	crs-tgt: R_g parameter is not supported
SYN	mod/aea/R_g	4	crs-tgt: R_g parameter is not supported
SYN	mod/aea/R_h	0	crs-tgt: R_h parameter is not supported
SYN	mod/aea/R_h	1	crs-tgt: R_h parameter is not supported
SYN	mod/aea/R_h	2	crs-tgt: R_h parameter is not supported
SYN	mod/aea/R_h	3	crs-tgt: R_h parameter is not supported
SYN	mod/aea/R_h	4	crs-tgt: R_h parameter is not supported
SYN	mod/aea/R_lat_a	0	crs-tgt: R_lat_a parameter is not supported
SYN	mod/aea/R_lat_a	1	crs-tgt: R_lat_a parameter is not supported
SYN	mod/aea/R_lat_a	2	crs-tgt: R_lat_a parameter is not supported
SYN	mod/aea/R_lat_a	3	crs-tgt: R_lat_a parameter is not supported
SYN	mod/aea/R_lat_a	4	crs-tgt: R_lat_a parameter is not supported
SYN	mod/aea/R_lat_g	0	crs-tgt: R_lat_g parameter is not supported
SYN	mod/aea/R_lat_g	1	crs-tgt: R_lat_g parameter is not supported
SYN	mod/aea/R_lat_g	2	crs-tgt: R_lat_g parameter is not supported
SYN	mod/aea/R_lat_g	3	crs-tgt: R_lat_g parameter is not supported
SYN	mod/aea/R_lat_g	4	crs-tgt: R_lat_g parameter is not supported
SYN	mod/aea/datum_nad83_lower	0	crs-tgt: Unknown datum: nad83
SYN	mod/aea/datum_nad83_lower	1	crs-tgt: Unknown datum: nad83
SYN	mod/aea/datum_nad83_lower	2	crs-tgt: Unknown datum: nad83
SYN	mod/aea/datum_nad83_lower	3	crs-tgt: Unknown datum: nad83
SYN	mod/aea/datum_nad83_lower	4	crs-tgt: Unknown datum: nad83
SYN	mod/aea/e	0	crs-tgt: e parameter is not supported
SYN	mod/aea/e	1	crs-tgt: e parameter is not supported
SYN	mod/aea/e	2	crs-tgt: e parameter is not supported
SYN	mod/aea/e	3	crs-tgt: e parameter is not supported
SYN	mod/aea/e	4	crs-tgt: e parameter is not supported
SYN	mod/aea/h	0	crs-tgt: 
SYN	mod/aea/h	1	crs-tgt: 
SYN	mod/aea/h	2	crs-tgt: 
SYN	mod/aea/h	3	crs-tgt: 
SYN	mod/aea/h	4	crs-tgt: 
SYN	mod/aea/south	0	crs-tgt: 
SYN	mod/aea/south	1	crs-tgt: 
SYN	mod/aea/south	2	crs-tgt: 
SYN	mod/aea/south	3	crs-tgt: 
SYN	mod/aea/south	4	crs-tgt: 
SYN	mod/aea/unknown_keyword	0	crs-tgt: unknown_keyword parameter is not supported
SYN	mod/aea/unknown_keyword	1	crs-tgt: unknown_keyword parameter is not supported
SYN	mod/aea/unknown_keyword	2	crs-tgt: unknown_keyword parameter is not supported
SYN	mod/aea/unknown_keyword	3	crs-tgt: unknown_keyword parameter is not supported
SYN	mod/aea/unknown_keyword	4	crs-tgt: unknown_keyword parameter is not supported
SYN	mod/aea/vto_meter	0	crs-tgt: vto_meter parameter is not supported
SYN	mod/aea/vto_meter	1	crs-tgt: vto_meter parameter is not supported
SYN	mod/aea/vto_meter	2	crs-tgt: vto_meter parameter is not supported
SYN	mod/aea/vto_meter	3	crs-tgt: vto_meter parameter is not supported
SYN	mod/aea/vto_meter	4	crs-tgt: vto_meter parameter is not supported
SYN	mod/aea/vunits_m	0	crs-tgt: vunits parameter is not supported
SYN	mod/aea/vunits_m	1	crs-tgt: vunits parameter is not supported
SYN	mod/aea/vunits_m	2	crs-tgt: vunits parameter is not supported
SYN	mod/aea/vunits_m	3	crs-tgt: vunits parameter is not supported
SYN	mod/aea/vunits_m	4	crs-tgt: vunits parameter is not supported
SYN	mod/lcc/R_C	0	crs-tgt: R_C parameter is not supported
SYN	mod/lcc/R_C	1	crs-tgt: R_C parameter is not supported
SYN	mod/lcc/R_C	2	crs-tgt: R_C parameter is not supported
SYN	mod/lcc/R_C	3	crs-tgt: R_C parameter is not supported
SYN	mod/lcc/R_C	4	crs-tgt: R_C parameter is not supported
SYN	mod/lcc/R_V	0	crs-tgt: R_V parameter is not supported
SYN	mod/lcc/R_V	1	crs-tgt: R_V parameter is not supported
SYN	mod/lcc/R_V	2	crs-tgt: R_V parameter is not supported
SYN	mod/lcc/R_V	3	crs-tgt: R_V parameter is not supported
SYN	mod/lcc/R_V	4	crs-tgt: R_V parameter is not supported
SYN	mod/lcc/R_a	0	crs-tgt: R_a parameter is not supported
SYN	mod/lcc/R_a	1	crs-tgt: R_a parameter is not supported
SYN	mod/lcc/R_a	2	crs-tgt: R_a parameter is not supported
SYN	mod/lcc/R_a	3	crs-tgt: R_a parameter is not supported
SYN	mod/lcc/R_a	4	crs-tgt: R_a parameter is not supported
SYN	mod/lcc/R_g	0	crs-tgt: R_g parameter is not supported
SYN	mod/lcc/R_g	1	crs-tgt: R_g parameter is not supported
SYN	mod/lcc/R_g	2	crs-tgt: R_g parameter is not supported
SYN	mod/lcc/R_g	3	crs-tgt: R_g parameter is not supported
SYN	mod/lcc/R_g	4	crs-tgt: R_g parameter is not supported
SYN	mod/lcc/R_h	0	crs-tgt: R_h parameter is not supported
SYN	mod/lcc/R_h	1	crs-tgt: R_h parameter is not supported
SYN	mod/lcc/R_h	2	crs-tgt: R_h parameter is not supported
SYN	mod/lcc/R_h	3	crs-tgt: R_h parameter is not supported
SYN	mod/lcc/R_h	4	crs-tgt: R_h parameter is not supported
SYN	mod/lcc/R_lat_a	0	crs-tgt: R_lat_a parameter is not supported
SYN	mod/lcc/R_lat_a	1	crs-tgt: R_lat_a parameter is not supported
SYN	mod/lcc/R_lat_a	2	crs-tgt: R_lat_a parameter is not supported
SYN	mod/lcc/R_lat_a	3	crs-tgt: R_lat_a parameter is not supported
SYN	mod/lcc/R_lat_a	4	crs-tgt: R_lat_a parameter is not supported
SYN	mod/lcc/R_lat_g	0	crs-tgt: R_lat_g parameter is not supported
SYN	mod/lcc/R_lat_g	1	crs-tgt: R_lat_g parameter is not supported
SYN	mod/lcc/R_lat_g	2	crs-tgt: R_lat_g parameter is not supported
SYN	mod/lcc/R_lat_g	3	crs-tgt: R_lat_g parameter is not supported
SYN	mod/lcc/R_lat_g	4	crs-tgt: R_lat_g parameter is not supported
SYN	mod/lcc/datum_nad83_lower	0	crs-tgt: Unknown datum: nad83
SYN	mod/lcc/datum_nad83_lower	1	crs-tgt: Unknown datum: nad83
SYN	mod/lcc/datum_nad83_lower	2	crs-tgt: Unknown datum: nad83
SYN	mod/lcc/datum_nad83_lower	3	crs-tgt: Unknown datum: nad83
SYN	mod/lcc/datum_nad83_lower	4	crs-tgt: Unknown datum: nad83
SYN	mod/lcc/e	0	crs-tgt: e parameter is not supported
SYN	mod/lcc/e	1	crs-tgt: e parameter is not supported
SYN	mod/lcc/e	2	crs-tgt: e parameter is not supported
SYN	mod/lcc/e	3	crs-tgt: e parameter is not supported
SYN	mod/lcc/e	4	crs-tgt: e parameter is not supported
SYN	mod/lcc/f	0	inv: Infinite longitude
SYN	mod/lcc/f	1	inv: Infinite longitude
SYN	mod/lcc/f	2	inv: Infinite longitude
SYN	mod/lcc/f	3	inv: Infinite longitude
SYN	mod/lcc/f	4	inv: Infinite longitude
SYN	mod/lcc/h	0	crs-tgt: 
SYN	mod/lcc/h	1	crs-tgt: 
SYN	mod/lcc/h	2	crs-tgt: 
SYN	mod/lcc/h	3	crs-tgt: 
SYN	mod/lcc/h	4	crs-tgt: 
SYN	mod/lcc/rf	0	inv: Infinite longitude
SYN	mod/lcc/rf	1	inv: Infinite longitude
SYN	mod/lcc/rf	2	inv: Infinite longitude
SYN	mod/lcc/rf	3	inv: Infinite longitude
SYN	mod/lcc/rf	4	inv: Infinite longitude
SYN	mod/lcc/south	0	crs-tgt: 
SYN	mod/lcc/south	1	crs-tgt: 
SYN	mod/lcc/south	2	crs-tgt: 
SYN	mod/lcc/south	3	crs-tgt: 
SYN	mod/lcc/south	4	crs-tgt: 
SYN	mod/lcc/unknown_keyword	0	crs-tgt: unknown_keyword parameter is not supported
SYN	mod/lcc/unknown_keyword	1	crs-tgt: unknown_keyword parameter is not supported
SYN	mod/lcc/unknown_keyword	2	crs-tgt: unknown_keyword parameter is not supported
SYN	mod/lcc/unknown_keyword	3	crs-tgt: unknown_keyword parameter is not supported
SYN	mod/lcc/unknown_keyword	4	crs-tgt: unknown_keyword parameter is not supported
SYN	mod/lcc/vto_meter	0	crs-tgt: vto_meter parameter is not supported
SYN	mod/lcc/vto_meter	1	crs-tgt: vto_meter parameter is not supported
SYN	mod/lcc/vto_meter	2	crs-tgt: vto_meter parameter is not supported
SYN	mod/lcc/vto_meter	3	crs-tgt: vto_meter parameter is not supported
SYN	mod/lcc/vto_meter	4	crs-tgt: vto_meter parameter is not supported
SYN	mod/lcc/vunits_m	0	crs-tgt: vunits parameter is not supported
SYN	mod/lcc/vunits_m	1	crs-tgt: vunits parameter is not supported
SYN	mod/lcc/vunits_m	2	crs-tgt: vunits parameter is not supported
SYN	mod/lcc/vunits_m	3	crs-tgt: vunits parameter is not supported
SYN	mod/lcc/vunits_m	4	crs-tgt: vunits parameter is not supported
SYN	mod/longlat/R_C	0	crs-tgt: R_C parameter is not supported
SYN	mod/longlat/R_C	1	crs-tgt: R_C parameter is not supported
SYN	mod/longlat/R_C	2	crs-tgt: R_C parameter is not supported
SYN	mod/longlat/R_C	3	crs-tgt: R_C parameter is not supported
SYN	mod/longlat/R_C	4	crs-tgt: R_C parameter is not supported
SYN	mod/longlat/R_V	0	crs-tgt: R_V parameter is not supported
SYN	mod/longlat/R_V	1	crs-tgt: R_V parameter is not supported
SYN	mod/longlat/R_V	2	crs-tgt: R_V parameter is not supported
SYN	mod/longlat/R_V	3	crs-tgt: R_V parameter is not supported
SYN	mod/longlat/R_V	4	crs-tgt: R_V parameter is not supported
SYN	mod/longlat/R_a	0	crs-tgt: R_a parameter is not supported
SYN	mod/longlat/R_a	1	crs-tgt: R_a parameter is not supported
SYN	mod/longlat/R_a	2	crs-tgt: R_a parameter is not supported
SYN	mod/longlat/R_a	3	crs-tgt: R_a parameter is not supported
SYN	mod/longlat/R_a	4	crs-tgt: R_a parameter is not supported
SYN	mod/longlat/R_g	0	crs-tgt: R_g parameter is not supported
SYN	mod/longlat/R_g	1	crs-tgt: R_g parameter is not supported
SYN	mod/longlat/R_g	2	crs-tgt: R_g parameter is not supported
SYN	mod/longlat/R_g	3	crs-tgt: R_g parameter is not supported
SYN	mod/longlat/R_g	4	crs-tgt: R_g parameter is not supported
SYN	mod/longlat/R_h	0	crs-tgt: R_h parameter is not supported
SYN	mod/longlat/R_h	1	crs-tgt: R_h parameter is not supported
SYN	mod/longlat/R_h	2	crs-tgt: R_h parameter is not supported
SYN	mod/longlat/R_h	3	crs-tgt: R_h parameter is not supported
SYN	mod/longlat/R_h	4	crs-tgt: R_h parameter is not supported
SYN	mod/longlat/R_lat_a	0	crs-tgt: R_lat_a parameter is not supported
SYN	mod/longlat/R_lat_a	1	crs-tgt: R_lat_a parameter is not supported
SYN	mod/longlat/R_lat_a	2	crs-tgt: R_lat_a parameter is not supported
SYN	mod/longlat/R_lat_a	3	crs-tgt: R_lat_a parameter is not supported
SYN	mod/longlat/R_lat_a	4	crs-tgt: R_lat_a parameter is not supported
SYN	mod/longlat/R_lat_g	0	crs-tgt: R_lat_g parameter is not supported
SYN	mod/longlat/R_lat_g	1	crs-tgt: R_lat_g parameter is not supported
SYN	mod/longlat/R_lat_g	2	crs-tgt: R_lat_g parameter is not supported
SYN	mod/longlat/R_lat_g	3	crs-tgt: R_lat_g parameter is not supported
SYN	mod/longlat/R_lat_g	4	crs-tgt: R_lat_g parameter is not supported
SYN	mod/longlat/datum_nad83_lower	0	crs-tgt: Unknown datum: nad83
SYN	mod/longlat/datum_nad83_lower	1	crs-tgt: Unknown datum: nad83
SYN	mod/longlat/datum_nad83_lower	2	crs-tgt: Unknown datum: nad83
SYN	mod/longlat/datum_nad83_lower	3	crs-tgt: Unknown datum: nad83
SYN	mod/longlat/datum_nad83_lower	4	crs-tgt: Unknown datum: nad83
SYN	mod/longlat/e	0	crs-tgt: e parameter is not supported
SYN	mod/longlat/e	1	crs-tgt: e parameter is not supported
SYN	mod/longlat/e	2	crs-tgt: e parameter is not supported
SYN	mod/longlat/e	3	crs-tgt: e parameter is not supported
SYN	mod/longlat/e	4	crs-tgt: e parameter is not supported
SYN	mod/longlat/h	0	crs-tgt: 
SYN	mod/longlat/h	1	crs-tgt: 
SYN	mod/longlat/h	2	crs-tgt: 
SYN	mod/longlat/h	3	crs-tgt: 
SYN	mod/longlat/h	4	crs-tgt: 
SYN	mod/longlat/south	0	crs-tgt: 
SYN	mod/longlat/south	1	crs-tgt: 
SYN	mod/longlat/south	2	crs-tgt: 
SYN	mod/longlat/south	3	crs-tgt: 
SYN	mod/longlat/south	4	crs-tgt: 
SYN	mod/longlat/unknown_keyword	0	crs-tgt: unknown_keyword parameter is not supported
SYN	mod/longlat/unknown_keyword	1	crs-tgt: unknown_keyword parameter is not supported
SYN	mod/longlat/unknown_keyword	2	crs-tgt: unknown_keyword parameter is not supported
SYN	mod/longlat/unknown_keyword	3	crs-tgt: unknown_keyword parameter is not supported
SYN	mod/longlat/unknown_keyword	4	crs-tgt: unknown_keyword parameter is not supported
SYN	mod/longlat/vto_meter	0	crs-tgt: vto_meter parameter is not supported
SYN	mod/longlat/vto_meter	1	crs-tgt: vto_meter parameter is not supported
SYN	mod/longlat/vto_meter	2	crs-tgt: vto_meter parameter is not supported
SYN	mod/longlat/vto_meter	3	crs-tgt: vto_meter parameter is not supported
SYN	mod/longlat/vto_meter	4	crs-tgt: vto_meter parameter is not supported
SYN	mod/longlat/vunits_m	0	crs-tgt: vunits parameter is not supported
SYN	mod/longlat/vunits_m	1	crs-tgt: vunits parameter is not supported
SYN	mod/longlat/vunits_m	2	crs-tgt: vunits parameter is not supported
SYN	mod/longlat/vunits_m	3	crs-tgt: vunits parameter is not supported
SYN	mod/longlat/vunits_m	4	crs-tgt: vunits parameter is not supported
SYN	mod/merc/R_C	0	crs-tgt: R_C parameter is not supported
SYN	mod/merc/R_C	1	crs-tgt: R_C parameter is not supported
SYN	mod/merc/R_C	2	crs-tgt: R_C parameter is not supported
SYN	mod/merc/R_C	3	crs-tgt: R_C parameter is not supported
SYN	mod/merc/R_C	4	crs-tgt: R_C parameter is not supported
SYN	mod/merc/R_V	0	crs-tgt: R_V parameter is not supported
SYN	mod/merc/R_V	1	crs-tgt: R_V parameter is not supported
SYN	mod/merc/R_V	2	crs-tgt: R_V parameter is not supported
SYN	mod/merc/R_V	3	crs-tgt: R_V parameter is not supported
SYN	mod/merc/R_V	4	crs-tgt: R_V parameter is not supported
SYN	mod/merc/R_a	0	crs-tgt: R_a parameter is not supported
SYN	mod/merc/R_a	1	crs-tgt: R_a parameter is not supported
SYN	mod/merc/R_a	2	crs-tgt: R_a parameter is not supported
SYN	mod/merc/R_a	3	crs-tgt: R_a parameter is not supported
SYN	mod/merc/R_a	4	crs-tgt: R_a parameter is not supported
SYN	mod/merc/R_g	0	crs-tgt: R_g parameter is not supported
SYN	mod/merc/R_g	1	crs-tgt: R_g parameter is not supported
SYN	mod/merc/R_g	2	crs-tgt: R_g parameter is not supported
SYN	mod/merc/R_g	3	crs-tgt: R_g parameter is not supported
SYN	mod/merc/R_g	4	crs-tgt: R_g parameter is not supported
SYN	mod/merc/R_h	0	crs-tgt: R_h parameter is not supported
SYN	mod/merc/R_h	1	crs-tgt: R_h parameter is not supported
SYN	mod/merc/R_h	2	crs-tgt: R_h parameter is not supported
SYN	mod/merc/R_h	3	crs-tgt: R_h parameter is not supported
SYN	mod/merc/R_h	4	crs-tgt: R_h parameter is not supported
SYN	mod/merc/R_lat_a	0	crs-tgt: R_lat_a parameter is not supported
SYN	mod/merc/R_lat_a	1	crs-tgt: R_lat_a parameter is not supported
SYN	mod/merc/R_lat_a	2	crs-tgt: R_lat_a parameter is not supported
SYN	mod/merc/R_lat_a	3	crs-tgt: R_lat_a parameter is not supported
SYN	mod/merc/R_lat_a	4	crs-tgt: R_lat_a parameter is not supported
SYN	mod/merc/R_lat_g	0	crs-tgt: R_lat_g parameter is not supported
SYN	mod/merc/R_lat_g	1	crs-tgt: R_lat_g parameter is not supported
SYN	mod/merc/R_lat_g	2	crs-tgt: R_lat_g parameter is not supported
SYN	mod/merc/R_lat_g	3	crs-tgt: R_lat_g parameter is not supported
SYN	mod/merc/R_lat_g	4	crs-tgt: R_lat_g parameter is not supported
SYN	mod/merc/datum_nad83_lower	0	crs-tgt: Unknown datum: nad83
SYN	mod/merc/datum_nad83_lower	1	crs-tgt: Unknown datum: nad83
SYN	mod/merc/datum_nad83_lower	2	crs-tgt: Unknown datum: nad83
SYN	mod/merc/datum_nad83_lower	3	crs-tgt: Unknown datum: nad83
SYN	mod/merc/datum_nad83_lower	4	crs-tgt: Unknown datum: nad83
SYN	mod/merc/e	0	crs-tgt: e parameter is not supported
SYN	mod/merc/e	1	crs-tgt: e parameter is not supported
SYN	mod/merc/e	2	crs-tgt: e parameter is not supported
SYN	mod/merc/e	3	crs-tgt: e parameter is not supported
SYN	mod/merc/e	4	crs-tgt: e parameter is not supported
SYN	mod/merc/h	0	crs-tgt: 
SYN	mod/merc/h	1	crs-tgt: 
SYN	mod/merc/h	2	crs-tgt: 
SYN	mod/merc/h	3	crs-tgt: 
SYN	mod/merc/h	4	crs-tgt: 
SYN	mod/merc/south	0	crs-tgt: 
SYN	mod/merc/south	1	crs-tgt: 
SYN	mod/merc/south	2	crs-tgt: 
SYN	mod/merc/south	3	crs-tgt: 
SYN	mod/merc/south	4	crs-tgt: 
SYN	mod/merc/unknown_keyword	0	crs-tgt: unknown_keyword parameter is not supported
SYN	mod/merc/unknown_keyword	1	crs-tgt: unknown_keyword parameter is not supported
SYN	mod/merc/unknown_keyword	2	crs-tgt: unknown_keyword parameter is not supported
SYN	mod/merc/unknown_keyword	3	crs-tgt: unknown_keyword parameter is not supported
SYN	mod/merc/unknown_keyword	4	crs-tgt: unknown_keyword parameter is not supported
SYN	mod/merc/vto_meter	0	crs-tgt: vto_meter parameter is not supported
SYN	mod/merc/vto_meter	1	crs-tgt: vto_meter parameter is not supported
SYN	mod/merc/vto_meter	2	crs-tgt: vto_meter parameter is not supported
SYN	mod/merc/vto_meter	3	crs-tgt: vto_meter parameter is not supported
SYN	mod/merc/vto_meter	4	crs-tgt: vto_meter parameter is not supported
SYN	mod/merc/vunits_m	0	crs-tgt: vunits parameter is not supported
SYN	mod/merc/vunits_m	1	crs-tgt: vunits parameter is not supported
SYN	mod/merc/vunits_m	2	crs-tgt: vunits parameter is not supported
SYN	mod/merc/vunits_m	3	crs-tgt: vunits parameter is not supported
SYN	mod/merc/vunits_m	4	crs-tgt: vunits parameter is not supported
SYN	mod/tmerc/R_C	0	crs-tgt: R_C parameter is not supported
SYN	mod/tmerc/R_C	1	crs-tgt: R_C parameter is not supported
SYN	mod/tmerc/R_C	2	crs-tgt: R_C parameter is not supported
SYN	mod/tmerc/R_C	3	crs-tgt: R_C parameter is not supported
SYN	mod/tmerc/R_C	4	crs-tgt: R_C parameter is not supported
SYN	mod/tmerc/R_V	0	crs-tgt: R_V parameter is not supported
SYN	mod/tmerc/R_V	1	crs-tgt: R_V parameter is not supported
SYN	mod/tmerc/R_V	2	crs-tgt: R_V parameter is not supported
SYN	mod/tmerc/R_V	3	crs-tgt: R_V parameter is not supported
SYN	mod/tmerc/R_V	4	crs-tgt: R_V parameter is not supported
SYN	mod/tmerc/R_a	0	crs-tgt: R_a parameter is not supported
SYN	mod/tmerc/R_a	1	crs-tgt: R_a parameter is not supported
SYN	mod/tmerc/R_a	2	crs-tgt: R_a parameter is not supported
SYN	mod/tmerc/R_a	3	crs-tgt: R_a parameter is not supported
SYN	mod/tmerc/R_a	4	crs-tgt: R_a parameter is not supported
SYN	mod/tmerc/R_g	0	crs-tgt: R_g parameter is not supported
SYN	mod/tmerc/R_g	1	crs-tgt: R_g parameter is not supported
SYN	mod/tmerc/R_g	2	crs-tgt: R_g parameter is not supported
SYN	mod/tmerc/R_g	3	crs-tgt: R_g parameter is not supported
SYN	mod/tmerc/R_g	4	crs-tgt: R_g parameter is not supported
SYN	mod/tmerc/R_h	0	crs-tgt: R_h parameter is not supported
SYN	mod/tmerc/R_h	1	crs-tgt: R_h parameter is not supported
SYN	mod/tmerc/R_h	2	crs-tgt: R_h parameter is not supported
SYN	mod/tmerc/R_h	3	crs-tgt: R_h parameter is not supported
SYN	mod/tmerc/R_h	4	crs-tgt: R_h parameter is not supported
SYN	mod/tmerc/R_lat_a	0	crs-tgt: R_lat_a parameter is not supported
SYN	mod/tmerc/R_lat_a	1	crs-tgt: R_lat_a parameter is not supported
SYN	mod/tmerc/R_lat_a	2	crs-tgt: R_lat_a parameter is not supported
SYN	mod/tmerc/R_lat_a	3	crs-tgt: R_lat_a parameter is not supported
SYN	mod/tmerc/R_lat_a	4	crs-tgt: R_lat_a parameter is not supported
SYN	mod/tmerc/R_lat_g	0	crs-tgt: R_lat_g parameter is not supported
SYN	mod/tmerc/R_lat_g	1	crs-tgt: R_lat_g parameter is not supported
SYN	mod/tmerc/R_lat_g	2	crs-tgt: R_lat_g parameter is not supported
SYN	mod/tmerc/R_lat_g	3	crs-tgt: R_lat_g parameter is not supported
SYN	mod/tmerc/R_lat_g	4	crs-tgt: R_lat_g parameter is not supported
SYN	mod/tmerc/datum_nad83_lower	0	crs-tgt: Unknown datum: nad83
SYN	mod/tmerc/datum_nad83_lower	1	crs-tgt: Unknown datum: nad83
SYN	mod/tmerc/datum_nad83_lower	2	crs-tgt: Unknown datum: nad83
SYN	mod/tmerc/datum_nad83_lower	3	crs-tgt: Unknown datum: nad83
SYN	mod/tmerc/datum_nad83_lower	4	crs-tgt: Unknown datum: nad83
SYN	mod/tmerc/e	0	crs-tgt: e parameter is not supported
SYN	mod/tmerc/e	1	crs-tgt: e parameter is not supported
SYN	mod/tmerc/e	2	crs-tgt: e parameter is not supported
SYN	mod/tmerc/e	3	crs-tgt: e parameter is not supported
SYN	mod/tmerc/e	4	crs-tgt: e parameter is not supported
SYN	mod/tmerc/h	0	crs-tgt: 
SYN	mod/tmerc/h	1	crs-tgt: 
SYN	mod/tmerc/h	2	crs-tgt: 
SYN	mod/tmerc/h	3	crs-tgt: 
SYN	mod/tmerc/h	4	crs-tgt: 
SYN	mod/tmerc/unknown_keyword	0	crs-tgt: unknown_keyword parameter is not supported
SYN	mod/tmerc/unknown_keyword	1	crs-tgt: unknown_keyword parameter is not supported
SYN	mod/tmerc/unknown_keyword	2	crs-tgt: unknown_keyword parameter is not supported
SYN	mod/tmerc/unknown_keyword	3	crs-tgt: unknown_keyword parameter is not supported
SYN	mod/tmerc/unknown_keyword	4	crs-tgt: unknown_keyword parameter is not supported
SYN	mod/tmerc/vto_meter	0	crs-tgt: vto_meter parameter is not supported
SYN	mod/tmerc/vto_meter	1	crs-tgt: vto_meter parameter is not supported
SYN	mod/tmerc/vto_meter	2	crs-tgt: vto_meter parameter is not supported
SYN	mod/tmerc/vto_meter	3	crs-tgt: vto_meter parameter is not supported
SYN	mod/tmerc/vto_meter	4	crs-tgt: vto_meter parameter is not supported
SYN	mod/tmerc/vunits_m	0	crs-tgt: vunits parameter is not supported
SYN	mod/tmerc/vunits_m	1	crs-tgt: vunits parameter is not supported
SYN	mod/tmerc/vunits_m	2	crs-tgt: vunits parameter is not supported
SYN	mod/tmerc/vunits_m	3	crs-tgt: vunits parameter is not supported
SYN	mod/tmerc/vunits_m	4	crs-tgt: vunits parameter is not supported
SYN	mod/utm/R_C	0	crs-tgt: R_C parameter is not supported
SYN	mod/utm/R_C	1	crs-tgt: R_C parameter is not supported
SYN	mod/utm/R_C	2	crs-tgt: R_C parameter is not supported
SYN	mod/utm/R_C	3	crs-tgt: R_C parameter is not supported
SYN	mod/utm/R_C	4	crs-tgt: R_C parameter is not supported
SYN	mod/utm/R_V	0	crs-tgt: R_V parameter is not supported
SYN	mod/utm/R_V	1	crs-tgt: R_V parameter is not supported
SYN	mod/utm/R_V	2	crs-tgt: R_V parameter is not supported
SYN	mod/utm/R_V	3	crs-tgt: R_V parameter is not supported
SYN	mod/utm/R_V	4	crs-tgt: R_V parameter is not supported
SYN	mod/utm/R_a	0	crs-tgt: R_a parameter is not supported
SYN	mod/utm/R_a	1	crs-tgt: R_a parameter is not supported
SYN	mod/utm/R_a	2	crs-tgt: R_a parameter is not supported
SYN	mod/utm/R_a	3	crs-tgt: R_a parameter is not supported
SYN	mod/utm/R_a	4	crs-tgt: R_a parameter is not supported
SYN	mod/utm/R_g	0	crs-tgt: R_g parameter is not supported
SYN	mod/utm/R_g	1	crs-tgt: R_g parameter is not supported
SYN	mod/utm/R_g	2	crs-tgt: R_g parameter is not supported
SYN	mod/utm/R_g	3	crs-tgt: R_g parameter is not supported
SYN	mod/utm/R_g	4	crs-tgt: R_g parameter is not supported
SYN	mod/utm/R_h	0	crs-tgt: R_h parameter is not supported
SYN	mod/utm/R_h	1	crs-tgt: R_h parameter is not supported
SYN	mod/utm/R_h	2	crs-tgt: R_h parameter is not supported
SYN	mod/utm/R_h	3	crs-tgt: R_h parameter is not supported
SYN	mod/utm/R_h	4	crs-tgt: R_h parameter is not supported
SYN	mod/utm/R_lat_a	0	crs-tgt: R_lat_a parameter is not supported
SYN	mod/utm/R_lat_a	1	crs-tgt: R_lat_a parameter is not supported
SYN	mod/utm/R_lat_a	2	crs-tgt: R_lat_a parameter is not supported
SYN	mod/utm/R_lat_a	3	crs-tgt: R_lat_a parameter is not supported
SYN	mod/utm/R_lat_a	4	crs-tgt: R_lat_a parameter is not supported
SYN	mod/utm/R_lat_g	0	crs-tgt: R_lat_g parameter is not supported
SYN	mod/utm/R_lat_g	1	crs-tgt: R_lat_g parameter is not supported
SYN	mod/utm/R_lat_g	2	crs-tgt: R_lat_g parameter is not supported
SYN	mod/utm/R_lat_g	3	crs-tgt: R_lat_g parameter is not supported
SYN	mod/utm/R_lat_g	4	crs-tgt: R_lat_g parameter is not supported
SYN	mod/utm/datum_nad83_lower	0	crs-tgt: Unknown datum: nad83
SYN	mod/utm/datum_nad83_lower	1	crs-tgt: Unknown datum: nad83
SYN	mod/utm/datum_nad83_lower	2	crs-tgt: Unknown datum: nad83
SYN	mod/utm/datum_nad83_lower	3	crs-tgt: Unknown datum: nad83
SYN	mod/utm/datum_nad83_lower	4	crs-tgt: Unknown datum: nad83
SYN	mod/utm/e	0	crs-tgt: e parameter is not supported
SYN	mod/utm/e	1	crs-tgt: e parameter is not supported
SYN	mod/utm/e	2	crs-tgt: e parameter is not supported
SYN	mod/utm/e	3	crs-tgt: e parameter is not supported
SYN	mod/utm/e	4	crs-tgt: e parameter is not supported
SYN	mod/utm/h	0	crs-tgt: 
SYN	mod/utm/h	1	crs-tgt: 
SYN	mod/utm/h	2	crs-tgt: 
SYN	mod/utm/h	3	crs-tgt: 
SYN	mod/utm/h	4	crs-tgt: 
SYN	mod/utm/unknown_keyword	0	crs-tgt: unknown_keyword parameter is not supported
SYN	mod/utm/unknown_keyword	1	crs-tgt: unknown_keyword parameter is not supported
SYN	mod/utm/unknown_keyword	2	crs-tgt: unknown_keyword parameter is not supported
SYN	mod/utm/unknown_keyword	3	crs-tgt: unknown_keyword parameter is not supported
SYN	mod/utm/unknown_keyword	4	crs-tgt: unknown_keyword parameter is not supported
SYN	mod/utm/vto_meter	0	crs-tgt: vto_meter parameter is not supported
SYN	mod/utm/vto_meter	1	crs-tgt: vto_meter parameter is not supported
SYN	mod/utm/vto_meter	2	crs-tgt: vto_meter parameter is not supported
SYN	mod/utm/vto_meter	3	crs-tgt: vto_meter parameter is not supported
SYN	mod/utm/vto_meter	4	crs-tgt: vto_meter parameter is not supported
SYN	mod/utm/vunits_m	0	crs-tgt: vunits parameter is not supported
SYN	mod/utm/vunits_m	1	crs-tgt: vunits parameter is not supported
SYN	mod/utm/vunits_m	2	crs-tgt: vunits parameter is not supported
SYN	mod/utm/vunits_m	3	crs-tgt: vunits parameter is not supported
SYN	mod/utm/vunits_m	4	crs-tgt: vunits parameter is not supported
SYN	proj/adams_hemi	0	crs-tgt: Unknown projection: adams_hemi
SYN	proj/adams_hemi	1	crs-tgt: Unknown projection: adams_hemi
SYN	proj/adams_hemi	2	crs-tgt: Unknown projection: adams_hemi
SYN	proj/adams_hemi	3	crs-tgt: Unknown projection: adams_hemi
SYN	proj/adams_hemi	4	crs-tgt: Unknown projection: adams_hemi
SYN	proj/adams_ws1	0	crs-tgt: Unknown projection: adams_ws1
SYN	proj/adams_ws1	1	crs-tgt: Unknown projection: adams_ws1
SYN	proj/adams_ws1	2	crs-tgt: Unknown projection: adams_ws1
SYN	proj/adams_ws1	3	crs-tgt: Unknown projection: adams_ws1
SYN	proj/adams_ws1	4	crs-tgt: Unknown projection: adams_ws1
SYN	proj/adams_ws2	0	crs-tgt: Unknown projection: adams_ws2
SYN	proj/adams_ws2	1	crs-tgt: Unknown projection: adams_ws2
SYN	proj/adams_ws2	2	crs-tgt: Unknown projection: adams_ws2
SYN	proj/adams_ws2	3	crs-tgt: Unknown projection: adams_ws2
SYN	proj/adams_ws2	4	crs-tgt: Unknown projection: adams_ws2
SYN	proj/affine	0	crs-tgt: Unknown projection: affine
SYN	proj/affine	1	crs-tgt: Unknown projection: affine
SYN	proj/affine	2	crs-tgt: Unknown projection: affine
SYN	proj/affine	3	crs-tgt: Unknown projection: affine
SYN	proj/affine	4	crs-tgt: Unknown projection: affine
SYN	proj/airocean	0	crs-tgt: Unknown projection: airocean
SYN	proj/airocean	1	crs-tgt: Unknown projection: airocean
SYN	proj/airocean	2	crs-tgt: Unknown projection: airocean
SYN	proj/airocean	3	crs-tgt: Unknown projection: airocean
SYN	proj/airocean	4	crs-tgt: Unknown projection: airocean
SYN	proj/alsk	0	crs-tgt: Unknown projection: alsk
SYN	proj/alsk	1	crs-tgt: Unknown projection: alsk
SYN	proj/alsk	2	crs-tgt: Unknown projection: alsk
SYN	proj/alsk	3	crs-tgt: Unknown projection: alsk
SYN	proj/alsk	4	crs-tgt: Unknown projection: alsk
SYN	proj/apian	0	crs-tgt: Unknown projection: apian
SYN	proj/apian	1	crs-tgt: Unknown projection: apian
SYN	proj/apian	2	crs-tgt: Unknown projection: apian
SYN	proj/apian	3	crs-tgt: Unknown projection: apian
SYN	proj/apian	4	crs-tgt: Unknown projection: apian
SYN	proj/axisswap	0	crs-tgt: Unknown projection: axisswap
SYN	proj/axisswap	1	crs-tgt: Unknown projection: axisswap
SYN	proj/axisswap	2	crs-tgt: Unknown projection: axisswap
SYN	proj/axisswap	3	crs-tgt: Unknown projection: axisswap
SYN	proj/axisswap	4	crs-tgt: Unknown projection: axisswap
SYN	proj/bacon	0	crs-tgt: Unknown projection: bacon
SYN	proj/bacon	1	crs-tgt: Unknown projection: bacon
SYN	proj/bacon	2	crs-tgt: Unknown projection: bacon
SYN	proj/bacon	3	crs-tgt: Unknown projection: bacon
SYN	proj/bacon	4	crs-tgt: Unknown projection: bacon
SYN	proj/bertin1953	0	crs-tgt: Unknown projection: bertin1953
SYN	proj/bertin1953	1	crs-tgt: Unknown projection: bertin1953
SYN	proj/bertin1953	2	crs-tgt: Unknown projection: bertin1953
SYN	proj/bertin1953	3	crs-tgt: Unknown projection: bertin1953
SYN	proj/bertin1953	4	crs-tgt: Unknown projection: bertin1953
SYN	proj/calcofi	0	crs-tgt: Unknown projection: calcofi
SYN	proj/calcofi	1	crs-tgt: Unknown projection: calcofi
SYN	proj/calcofi	2	crs-tgt: Unknown projection: calcofi
SYN	proj/calcofi	3	crs-tgt: Unknown projection: calcofi
SYN	proj/calcofi	4	crs-tgt: Unknown projection: calcofi
SYN	proj/cart	0	crs-tgt: Unknown projection: cart
SYN	proj/cart	1	crs-tgt: Unknown projection: cart
SYN	proj/cart	2	crs-tgt: Unknown projection: cart
SYN	proj/cart	3	crs-tgt: Unknown projection: cart
SYN	proj/cart	4	crs-tgt: Unknown projection: cart
SYN	proj/ccon	0	crs-tgt: Unknown projection: ccon
SYN	proj/ccon	1	crs-tgt: Unknown projection: ccon
SYN	proj/ccon	2	crs-tgt: Unknown projection: ccon
SYN	proj/ccon	3	crs-tgt: Unknown projection: ccon
SYN	proj/ccon	4	crs-tgt: Unknown projection: ccon
SYN	proj/chamb	0	crs-tgt: Unknown projection: chamb
SYN	proj/chamb	1	crs-tgt: Unknown projection: chamb
SYN	proj/chamb	2	crs-tgt: Unknown projection: chamb
SYN	proj/chamb	3	crs-tgt: Unknown projection: chamb
SYN	proj/chamb	4	crs-tgt: Unknown projection: chamb
SYN	proj/col_urban	0	crs-tgt: Unknown projection: col_urban
SYN	proj/col_urban	1	crs-tgt: Unknown projection: col_urban
SYN	proj/col_urban	2	crs-tgt: Unknown projection: col_urban
SYN	proj/col_urban	3	crs-tgt: Unknown projection: col_urban
SYN	proj/col_urban	4	crs-tgt: Unknown projection: col_urban
SYN	proj/comill	0	crs-tgt: Unknown projection: comill
SYN	proj/comill	1	crs-tgt: Unknown projection: comill
SYN	proj/comill	2	crs-tgt: Unknown projection: comill
SYN	proj/comill	3	crs-tgt: Unknown projection: comill
SYN	proj/comill	4	crs-tgt: Unknown projection: comill
SYN	proj/defmodel	0	crs-tgt: Unknown projection: defmodel
SYN	proj/defmodel	1	crs-tgt: Unknown projection: defmodel
SYN	proj/defmodel	2	crs-tgt: Unknown projection: defmodel
SYN	proj/defmodel	3	crs-tgt: Unknown projection: defmodel
SYN	proj/defmodel	4	crs-tgt: Unknown projection: defmodel
SYN	proj/deformation	0	crs-tgt: Unknown projection: deformation
SYN	proj/deformation	1	crs-tgt: Unknown projection: deformation
SYN	proj/deformation	2	crs-tgt: Unknown projection: deformation
SYN	proj/deformation	3	crs-tgt: Unknown projection: deformation
SYN	proj/deformation	4	crs-tgt: Unknown projection: deformation
SYN	proj/eck3	0	crs-tgt: Unknown projection: eck3
SYN	proj/eck3	1	crs-tgt: Unknown projection: eck3
SYN	proj/eck3	2	crs-tgt: Unknown projection: eck3
SYN	proj/eck3	3	crs-tgt: Unknown projection: eck3
SYN	proj/eck3	4	crs-tgt: Unknown projection: eck3
SYN	proj/eqearth	0	crs-tgt: Unknown projection: eqearth
SYN	proj/eqearth	1	crs-tgt: Unknown projection: eqearth
SYN	proj/eqearth	2	crs-tgt: Unknown projection: eqearth
SYN	proj/eqearth	3	crs-tgt: Unknown projection: eqearth
SYN	proj/eqearth	4	crs-tgt: Unknown projection: eqearth
SYN	proj/geoc	0	crs-tgt: Unknown projection: geoc
SYN	proj/geoc	1	crs-tgt: Unknown projection: geoc
SYN	proj/geoc	2	crs-tgt: Unknown projection: geoc
SYN	proj/geoc	3	crs-tgt: Unknown projection: geoc
SYN	proj/geoc	4	crs-tgt: Unknown projection: geoc
SYN	proj/geogoffset	0	crs-tgt: Unknown projection: geogoffset
SYN	proj/geogoffset	1	crs-tgt: Unknown projection: geogoffset
SYN	proj/geogoffset	2	crs-tgt: Unknown projection: geogoffset
SYN	proj/geogoffset	3	crs-tgt: Unknown projection: geogoffset
SYN	proj/geogoffset	4	crs-tgt: Unknown projection: geogoffset
SYN	proj/gins8	0	crs-tgt: Unknown projection: gins8
SYN	proj/gins8	1	crs-tgt: Unknown projection: gins8
SYN	proj/gins8	2	crs-tgt: Unknown projection: gins8
SYN	proj/gins8	3	crs-tgt: Unknown projection: gins8
SYN	proj/gins8	4	crs-tgt: Unknown projection: gins8
SYN	proj/gn_sinu	0	crs-tgt: Unknown projection: gn_sinu
SYN	proj/gn_sinu	1	crs-tgt: Unknown projection: gn_sinu
SYN	proj/gn_sinu	2	crs-tgt: Unknown projection: gn_sinu
SYN	proj/gn_sinu	3	crs-tgt: Unknown projection: gn_sinu
SYN	proj/gn_sinu	4	crs-tgt: Unknown projection: gn_sinu
SYN	proj/gridshift	0	crs-tgt: Unknown projection: gridshift
SYN	proj/gridshift	1	crs-tgt: Unknown projection: gridshift
SYN	proj/gridshift	2	crs-tgt: Unknown projection: gridshift
SYN	proj/gridshift	3	crs-tgt: Unknown projection: gridshift
SYN	proj/gridshift	4	crs-tgt: Unknown projection: gridshift
SYN	proj/gs48	0	crs-tgt: Unknown projection: gs48
SYN	proj/gs48	1	crs-tgt: Unknown projection: gs48
SYN	proj/gs48	2	crs-tgt: Unknown projection: gs48
SYN	proj/gs48	3	crs-tgt: Unknown projection: gs48
SYN	proj/gs48	4	crs-tgt: Unknown projection: gs48
SYN	proj/gs50	0	crs-tgt: Unknown projection: gs50
SYN	proj/gs50	1	crs-tgt: Unknown projection: gs50
SYN	proj/gs50	2	crs-tgt: Unknown projection: gs50
SYN	proj/gs50	3	crs-tgt: Unknown projection: gs50
SYN	proj/gs50	4	crs-tgt: Unknown projection: gs50
SYN	proj/gstmerc	0	crs-tgt: Unknown projection: gstmerc
SYN	proj/gstmerc	1	crs-tgt: Unknown projection: gstmerc
SYN	proj/gstmerc	2	crs-tgt: Unknown projection: gstmerc
SYN	proj/gstmerc	3	crs-tgt: Unknown projection: gstmerc
SYN	proj/gstmerc	4	crs-tgt: Unknown projection: gstmerc
SYN	proj/guyou	0	crs-tgt: Unknown projection: guyou
SYN	proj/guyou	1	crs-tgt: Unknown projection: guyou
SYN	proj/guyou	2	crs-tgt: Unknown projection: guyou
SYN	proj/guyou	3	crs-tgt: Unknown projection: guyou
SYN	proj/guyou	4	crs-tgt: Unknown projection: guyou
SYN	proj/healpix	0	crs-tgt: Unknown projection: healpix
SYN	proj/healpix	1	crs-tgt: Unknown projection: healpix
SYN	proj/healpix	2	crs-tgt: Unknown projection: healpix
SYN	proj/healpix	3	crs-tgt: Unknown projection: healpix
SYN	proj/healpix	4	crs-tgt: Unknown projection: healpix
SYN	proj/helmert	0	crs-tgt: Unknown projection: helmert
SYN	proj/helmert	1	crs-tgt: Unknown projection: helmert
SYN	proj/helmert	2	crs-tgt: Unknown projection: helmert
SYN	proj/helmert	3	crs-tgt: Unknown projection: helmert
SYN	proj/helmert	4	crs-tgt: Unknown projection: helmert
SYN	proj/hgridshift	0	crs-tgt: Unknown projection: hgridshift
SYN	proj/hgridshift	1	crs-tgt: Unknown projection: hgridshift
SYN	proj/hgridshift	2	crs-tgt: Unknown projection: hgridshift
SYN	proj/hgridshift	3	crs-tgt: Unknown projection: hgridshift
SYN	proj/hgridshift	4	crs-tgt: Unknown projection: hgridshift
SYN	proj/horner	0	crs-tgt: Unknown projection: horner
SYN	proj/horner	1	crs-tgt: Unknown projection: horner
SYN	proj/horner	2	crs-tgt: Unknown projection: horner
SYN	proj/horner	3	crs-tgt: Unknown projection: horner
SYN	proj/horner	4	crs-tgt: Unknown projection: horner
SYN	proj/id	0	crs-tgt: Unknown projection: id
SYN	proj/id	1	crs-tgt: Unknown projection: id
SYN	proj/id	2	crs-tgt: Unknown projection: id
SYN	proj/id	3	crs-tgt: Unknown projection: id
SYN	proj/id	4	crs-tgt: Unknown projection: id
SYN	proj/igh	0	crs-tgt: Unknown projection: igh
SYN	proj/igh	1	crs-tgt: Unknown projection: igh
SYN	proj/igh	2	crs-tgt: Unknown projection: igh
SYN	proj/igh	3	crs-tgt: Unknown projection: igh
SYN	proj/igh	4	crs-tgt: Unknown projection: igh
SYN	proj/igh_o	0	crs-tgt: Unknown projection: igh_o
SYN	proj/igh_o	1	crs-tgt: Unknown projection: igh_o
SYN	proj/igh_o	2	crs-tgt: Unknown projection: igh_o
SYN	proj/igh_o	3	crs-tgt: Unknown projection: igh_o
SYN	proj/igh_o	4	crs-tgt: Unknown projection: igh_o
SYN	proj/imoll	0	crs-tgt: Unknown projection: imoll
SYN	proj/imoll	1	crs-tgt: Unknown projection: imoll
SYN	proj/imoll	2	crs-tgt: Unknown projection: imoll
SYN	proj/imoll	3	crs-tgt: Unknown projection: imoll
SYN	proj/imoll	4	crs-tgt: Unknown projection: imoll
SYN	proj/imoll_o	0	crs-tgt: Unknown projection: imoll_o
SYN	proj/imoll_o	1	crs-tgt: Unknown projection: imoll_o
SYN	proj/imoll_o	2	crs-tgt: Unknown projection: imoll_o
SYN	proj/imoll_o	3	crs-tgt: Unknown projection: imoll_o
SYN	proj/imoll_o	4	crs-tgt: Unknown projection: imoll_o
SYN	proj/imw_p	0	crs-tgt: Unknown projection: imw_p
SYN	proj/imw_p	1	crs-tgt: Unknown projection: imw_p
SYN	proj/imw_p	2	crs-tgt: Unknown projection: imw_p
SYN	proj/imw_p	3	crs-tgt: Unknown projection: imw_p
SYN	proj/imw_p	4	crs-tgt: Unknown projection: imw_p
SYN	proj/isea	0	crs-tgt: Unknown projection: isea
SYN	proj/isea	1	crs-tgt: Unknown projection: isea
SYN	proj/isea	2	crs-tgt: Unknown projection: isea
SYN	proj/isea	3	crs-tgt: Unknown projection: isea
SYN	proj/isea	4	crs-tgt: Unknown projection: isea
SYN	proj/kav7	0	crs-tgt: Unknown projection: kav7
SYN	proj/kav7	1	crs-tgt: Unknown projection: kav7
SYN	proj/kav7	2	crs-tgt: Unknown projection: kav7
SYN	proj/kav7	3	crs-tgt: Unknown projection: kav7
SYN	proj/kav7	4	crs-tgt: Unknown projection: kav7
SYN	proj/labrd	0	crs-tgt: Unknown projection: labrd
SYN	proj/labrd	1	crs-tgt: Unknown projection: labrd
SYN	proj/labrd	2	crs-tgt: Unknown projection: labrd
SYN	proj/labrd	3	crs-tgt: Unknown projection: labrd
SYN	proj/labrd	4	crs-tgt: Unknown projection: labrd
SYN	proj/lcca	0	crs-tgt: Unknown projection: lcca
SYN	proj/lcca	1	crs-tgt: Unknown projection: lcca
SYN	proj/lcca	2	crs-tgt: Unknown projection: lcca
SYN	proj/lcca	3	crs-tgt: Unknown projection: lcca
SYN	proj/lcca	4	crs-tgt: Unknown projection: lcca
SYN	proj/lee_os	0	crs-tgt: Unknown projection: lee_os
SYN	proj/lee_os	1	crs-tgt: Unknown projection: lee_os
SYN	proj/lee_os	2	crs-tgt: Unknown projection: lee_os
SYN	proj/lee_os	3	crs-tgt: Unknown projection: lee_os
SYN	proj/lee_os	4	crs-tgt: Unknown projection: lee_os
SYN	proj/mbt_s	0	crs-tgt: Unknown projection: mbt_s
SYN	proj/mbt_s	1	crs-tgt: Unknown projection: mbt_s
SYN	proj/mbt_s	2	crs-tgt: Unknown projection: mbt_s
SYN	proj/mbt_s	3	crs-tgt: Unknown projection: mbt_s
SYN	proj/mbt_s	4	crs-tgt: Unknown projection: mbt_s
SYN	proj/mbtfps	0	crs-tgt: Unknown projection: mbtfps
SYN	proj/mbtfps	1	crs-tgt: Unknown projection: mbtfps
SYN	proj/mbtfps	2	crs-tgt: Unknown projection: mbtfps
SYN	proj/mbtfps	3	crs-tgt: Unknown projection: mbtfps
SYN	proj/mbtfps	4	crs-tgt: Unknown projection: mbtfps
SYN	proj/mil_os	0	crs-tgt: Unknown projection: mil_os
SYN	proj/mil_os	1	crs-tgt: Unknown projection: mil_os
SYN	proj/mil_os	2	crs-tgt: Unknown projection: mil_os
SYN	proj/mil_os	3	crs-tgt: Unknown projection: mil_os
SYN	proj/mil_os	4	crs-tgt: Unknown projection: mil_os
SYN	proj/misrsom	0	crs-tgt: Unknown projection: misrsom
SYN	proj/misrsom	1	crs-tgt: Unknown projection: misrsom
SYN	proj/misrsom	2	crs-tgt: Unknown projection: misrsom
SYN	proj/misrsom	3	crs-tgt: Unknown projection: misrsom
SYN	proj/misrsom	4	crs-tgt: Unknown projection: misrsom
SYN	proj/mod_krovak	0	crs-tgt: Unknown projection: mod_krovak
SYN	proj/mod_krovak	1	crs-tgt: Unknown projection: mod_krovak
SYN	proj/mod_krovak	2	crs-tgt: Unknown projection: mod_krovak
SYN	proj/mod_krovak	3	crs-tgt: Unknown projection: mod_krovak
SYN	proj/mod_krovak	4	crs-tgt: Unknown projection: mod_krovak
SYN	proj/molobadekas	0	crs-tgt: Unknown projection: molobadekas
SYN	proj/molobadekas	1	crs-tgt: Unknown projection: molobadekas
SYN	proj/molobadekas	2	crs-tgt: Unknown projection: molobadekas
SYN	proj/molobadekas	3	crs-tgt: Unknown projection: molobadekas
SYN	proj/molobadekas	4	crs-tgt: Unknown projection: molobadekas
SYN	proj/molodensky	0	crs-tgt: Unknown projection: molodensky
SYN	proj/molodensky	1	crs-tgt: Unknown projection: molodensky
SYN	proj/molodensky	2	crs-tgt: Unknown projection: molodensky
SYN	proj/molodensky	3	crs-tgt: Unknown projection: molodensky
SYN	proj/molodensky	4	crs-tgt: Unknown projection: molodensky
SYN	proj/name	0	crs-tgt: Unknown projection: name
SYN	proj/name	1	crs-tgt: Unknown projection: name
SYN	proj/name	2	crs-tgt: Unknown projection: name
SYN	proj/name	3	crs-tgt: Unknown projection: name
SYN	proj/name	4	crs-tgt: Unknown projection: name
SYN	proj/natearth	0	crs-tgt: Unknown projection: natearth
SYN	proj/natearth	1	crs-tgt: Unknown projection: natearth
SYN	proj/natearth	2	crs-tgt: Unknown projection: natearth
SYN	proj/natearth	3	crs-tgt: Unknown projection: natearth
SYN	proj/natearth	4	crs-tgt: Unknown projection: natearth
SYN	proj/natearth2	0	crs-tgt: Unknown projection: natearth2
SYN	proj/natearth2	1	crs-tgt: Unknown projection: natearth2
SYN	proj/natearth2	2	crs-tgt: Unknown projection: natearth2
SYN	proj/natearth2	3	crs-tgt: Unknown projection: natearth2
SYN	proj/natearth2	4	crs-tgt: Unknown projection: natearth2
SYN	proj/nell_h	0	crs-tgt: Unknown projection: nell_h
SYN	proj/nell_h	1	crs-tgt: Unknown projection: nell_h
SYN	proj/nell_h	2	crs-tgt: Unknown projection: nell_h
SYN	proj/nell_h	3	crs-tgt: Unknown projection: nell_h
SYN	proj/nell_h	4	crs-tgt: Unknown projection: nell_h
SYN	proj/noop	0	crs-tgt: Unknown projection: noop
SYN	proj/noop	1	crs-tgt: Unknown projection: noop
SYN	proj/noop	2	crs-tgt: Unknown projection: noop
SYN	proj/noop	3	crs-tgt: Unknown projection: noop
SYN	proj/noop	4	crs-tgt: Unknown projection: noop
SYN	proj/nzmg	0	inv: Infinite longitude
SYN	proj/nzmg	1	inv: Infinite longitude
SYN	proj/nzmg	2	inv: Infinite longitude
SYN	proj/nzmg	3	inv: Infinite longitude
SYN	proj/nzmg	4	inv: Infinite longitude
SYN	proj/ob_tran	0	crs-tgt: Unknown projection: ob_tran
SYN	proj/ob_tran	1	crs-tgt: Unknown projection: ob_tran
SYN	proj/ob_tran	2	crs-tgt: Unknown projection: ob_tran
SYN	proj/ob_tran	3	crs-tgt: Unknown projection: ob_tran
SYN	proj/ob_tran	4	crs-tgt: Unknown projection: ob_tran
SYN	proj/ocea	0	crs-tgt: Unknown projection: ocea
SYN	proj/ocea	1	crs-tgt: Unknown projection: ocea
SYN	proj/ocea	2	crs-tgt: Unknown projection: ocea
SYN	proj/ocea	3	crs-tgt: Unknown projection: ocea
SYN	proj/ocea	4	crs-tgt: Unknown projection: ocea
SYN	proj/oea	0	crs-tgt: Unknown projection: oea
SYN	proj/oea	1	crs-tgt: Unknown projection: oea
SYN	proj/oea	2	crs-tgt: Unknown projection: oea
SYN	proj/oea	3	crs-tgt: Unknown projection: oea
SYN	proj/oea	4	crs-tgt: Unknown projection: oea
SYN	proj/omerc	0	fwd: Infinite longitude
SYN	proj/omerc	1	fwd: Infinite longitude
SYN	proj/omerc	2	fwd: Infinite longitude
SYN	proj/omerc	3	fwd: Infinite longitude
SYN	proj/omerc	4	fwd: Infinite longitude
SYN	proj/ortel	0	crs-tgt: Unknown projection: ortel
SYN	proj/ortel	1	crs-tgt: Unknown projection: ortel
SYN	proj/ortel	2	crs-tgt: Unknown projection: ortel
SYN	proj/ortel	3	crs-tgt: Unknown projection: ortel
SYN	proj/ortel	4	crs-tgt: Unknown projection: ortel
SYN	proj/patterson	0	crs-tgt: Unknown projection: patterson
SYN	proj/patterson	1	crs-tgt: Unknown projection: patterson
SYN	proj/patterson	2	crs-tgt: Unknown projection: patterson
SYN	proj/patterson	3	crs-tgt: Unknown projection: patterson
SYN	proj/patterson	4	crs-tgt: Unknown projection: patterson
SYN	proj/peirce_q	0	crs-tgt: Unknown projection: peirce_q
SYN	proj/peirce_q	1	crs-tgt: Unknown projection: peirce_q
SYN	proj/peirce_q	2	crs-tgt: Unknown projection: peirce_q
SYN	proj/peirce_q	3	crs-tgt: Unknown projection: peirce_q
SYN	proj/peirce_q	4	crs-tgt: Unknown projection: peirce_q
SYN	proj/pipeline	0	crs-tgt: Unknown projection: pipeline
SYN	proj/pipeline	1	crs-tgt: Unknown projection: pipeline
SYN	proj/pipeline	2	crs-tgt: Unknown projection: pipeline
SYN	proj/pipeline	3	crs-tgt: Unknown projection: pipeline
SYN	proj/pipeline	4	crs-tgt: Unknown projection: pipeline
SYN	proj/poly	0	inv: Infinite longitude
SYN	proj/pop	0	crs-tgt: Unknown projection: pop
SYN	proj/pop	1	crs-tgt: Unknown projection: pop
SYN	proj/pop	2	crs-tgt: Unknown projection: pop
SYN	proj/pop	3	crs-tgt: Unknown projection: pop
SYN	proj/pop	4	crs-tgt: Unknown projection: pop
SYN	proj/push	0	crs-tgt: Unknown projection: push
SYN	proj/push	1	crs-tgt: Unknown projection: push
SYN	proj/push	2	crs-tgt: Unknown projection: push
SYN	proj/push	3	crs-tgt: Unknown projection: push
SYN	proj/push	4	crs-tgt: Unknown projection: push
SYN	proj/putp1	0	crs-tgt: Unknown projection: putp1
SYN	proj/putp1	1	crs-tgt: Unknown projection: putp1
SYN	proj/putp1	2	crs-tgt: Unknown projection: putp1
SYN	proj/putp1	3	crs-tgt: Unknown projection: putp1
SYN	proj/putp1	4	crs-tgt: Unknown projection: putp1
SYN	proj/putp3	0	crs-tgt: Unknown projection: putp3
SYN	proj/putp3	1	crs-tgt: Unknown projection: putp3
SYN	proj/putp3	2	crs-tgt: Unknown projection: putp3
SYN	proj/putp3	3	crs-tgt: Unknown projection: putp3
SYN	proj/putp3	4	crs-tgt: Unknown projection: putp3
SYN	proj/putp3p	0	crs-tgt: Unknown projection: putp3p
SYN	proj/putp3p	1	crs-tgt: Unknown projection: putp3p
SYN	proj/putp3p	2	crs-tgt: Unknown projection: putp3p
SYN	proj/putp3p	3	crs-tgt: Unknown projection: putp3p
SYN	proj/putp3p	4	crs-tgt: Unknown projection: putp3p
SYN	proj/putp6	0	crs-tgt: Unknown projection: putp6
SYN	proj/putp6	1	crs-tgt: Unknown projection: putp6
SYN	proj/putp6	2	crs-tgt: Unknown projection: putp6
SYN	proj/putp6	3	crs-tgt: Unknown projection: putp6
SYN	proj/putp6	4	crs-tgt: Unknown projection: putp6
SYN	proj/putp6p	0	crs-tgt: Unknown projection: putp6p
SYN	proj/putp6p	1	crs-tgt: Unknown projection: putp6p
SYN	proj/putp6p	2	crs-tgt: Unknown projection: putp6p
SYN	proj/putp6p	3	crs-tgt: Unknown projection: putp6p
SYN	proj/putp6p	4	crs-tgt: Unknown projection: putp6p
SYN	proj/qsc	0	crs-tgt: Unknown projection: qsc
SYN	proj/qsc	1	crs-tgt: Unknown projection: qsc
SYN	proj/qsc	2	crs-tgt: Unknown projection: qsc
SYN	proj/qsc	3	crs-tgt: Unknown projection: qsc
SYN	proj/qsc	4	crs-tgt: Unknown projection: qsc
SYN	proj/rhealpix	0	crs-tgt: Unknown projection: rhealpix
SYN	proj/rhealpix	1	crs-tgt: Unknown projection: rhealpix
SYN	proj/rhealpix	2	crs-tgt: Unknown projection: rhealpix
SYN	proj/rhealpix	3	crs-tgt: Unknown projection: rhealpix
SYN	proj/rhealpix	4	crs-tgt: Unknown projection: rhealpix
SYN	proj/rouss	0	crs-tgt: Unknown projection: rouss
SYN	proj/rouss	1	crs-tgt: Unknown projection: rouss
SYN	proj/rouss	2	crs-tgt: Unknown projection: rouss
SYN	proj/rouss	3	crs-tgt: Unknown projection: rouss
SYN	proj/rouss	4	crs-tgt: Unknown projection: rouss
SYN	proj/s2	0	crs-tgt: Unknown projection: s2
SYN	proj/s2	1	crs-tgt: Unknown projection: s2
SYN	proj/s2	2	crs-tgt: Unknown projection: s2
SYN	proj/s2	3	crs-tgt: Unknown projection: s2
SYN	proj/s2	4	crs-tgt: Unknown projection: s2
SYN	proj/sch	0	crs-tgt: Unknown projection: sch
SYN	proj/sch	1	crs-tgt: Unknown projection: sch
SYN	proj/sch	2	crs-tgt: Unknown projection: sch
SYN	proj/sch	3	crs-tgt: Unknown projection: sch
SYN	proj/sch	4	crs-tgt: Unknown projection: sch
SYN	proj/set	0	crs-tgt: Unknown projection: set
SYN	proj/set	1	crs-tgt: Unknown projection: set
SYN	proj/set	2	crs-tgt: Unknown projection: set
SYN	proj/set	3	crs-tgt: Unknown projection: set
SYN	proj/set	4	crs-tgt: Unknown projection: set
SYN	proj/som	0	crs-tgt: Unknown projection: som
SYN	proj/som	1	crs-tgt: Unknown projection: som
SYN	proj/som	2	crs-tgt: Unknown projection: som
SYN	proj/som	3	crs-tgt: Unknown projection: som
SYN	proj/som	4	crs-tgt: Unknown projection: som
SYN	proj/spilhaus	0	crs-tgt: Unknown projection: spilhaus
SYN	proj/spilhaus	1	crs-tgt: Unknown projection: spilhaus
SYN	proj/spilhaus	2	crs-tgt: Unknown projection: spilhaus
SYN	proj/spilhaus	3	crs-tgt: Unknown projection: spilhaus
SYN	proj/spilhaus	4	crs-tgt: Unknown projection: spilhaus
SYN	proj/times	0	crs-tgt: Unknown projection: times
SYN	proj/times	1	crs-tgt: Unknown projection: times
SYN	proj/times	2	crs-tgt: Unknown projection: times
SYN	proj/times	3	crs-tgt: Unknown projection: times
SYN	proj/times	4	crs-tgt: Unknown projection: times
SYN	proj/tinshift	0	crs-tgt: Unknown projection: tinshift
SYN	proj/tinshift	1	crs-tgt: Unknown projection: tinshift
SYN	proj/tinshift	2	crs-tgt: Unknown projection: tinshift
SYN	proj/tinshift	3	crs-tgt: Unknown projection: tinshift
SYN	proj/tinshift	4	crs-tgt: Unknown projection: tinshift
SYN	proj/tissot	0	crs-tgt: Unknown projection: tissot
SYN	proj/tissot	1	crs-tgt: Unknown projection: tissot
SYN	proj/tissot	2	crs-tgt: Unknown projection: tissot
SYN	proj/tissot	3	crs-tgt: Unknown projection: tissot
SYN	proj/tissot	4	crs-tgt: Unknown projection: tissot
SYN	proj/tobmerc	0	crs-tgt: Unknown projection: tobmerc
SYN	proj/tobmerc	1	crs-tgt: Unknown projection: tobmerc
SYN	proj/tobmerc	2	crs-tgt: Unknown projection: tobmerc
SYN	proj/tobmerc	3	crs-tgt: Unknown projection: tobmerc
SYN	proj/tobmerc	4	crs-tgt: Unknown projection: tobmerc
SYN	proj/topocentric	0	crs-tgt: Unknown projection: topocentric
SYN	proj/topocentric	1	crs-tgt: Unknown projection: topocentric
SYN	proj/topocentric	2	crs-tgt: Unknown projection: topocentric
SYN	proj/topocentric	3	crs-tgt: Unknown projection: topocentric
SYN	proj/topocentric	4	crs-tgt: Unknown projection: topocentric
SYN	proj/tpeqd	0	crs-tgt: Unknown projection: tpeqd
SYN	proj/tpeqd	1	crs-tgt: Unknown projection: tpeqd
SYN	proj/tpeqd	2	crs-tgt: Unknown projection: tpeqd
SYN	proj/tpeqd	3	crs-tgt: Unknown projection: tpeqd
SYN	proj/tpeqd	4	crs-tgt: Unknown projection: tpeqd
SYN	proj/tpers	0	crs-tgt: Unknown projection: tpers
SYN	proj/tpers	1	crs-tgt: Unknown projection: tpers
SYN	proj/tpers	2	crs-tgt: Unknown projection: tpers
SYN	proj/tpers	3	crs-tgt: Unknown projection: tpers
SYN	proj/tpers	4	crs-tgt: Unknown projection: tpers
SYN	proj/unitconvert	0	crs-tgt: Unknown projection: unitconvert
SYN	proj/unitconvert	1	crs-tgt: Unknown projection: unitconvert
SYN	proj/unitconvert	2	crs-tgt: Unknown projection: unitconvert
SYN	proj/unitconvert	3	crs-tgt: Unknown projection: unitconvert
SYN	proj/unitconvert	4	crs-tgt: Unknown projection: unitconvert
SYN	proj/ups	0	crs-tgt: Unknown projection: ups
SYN	proj/ups	1	crs-tgt: Unknown projection: ups
SYN	proj/ups	2	crs-tgt: Unknown projection: ups
SYN	proj/ups	3	crs-tgt: Unknown projection: ups
SYN	proj/ups	4	crs-tgt: Unknown projection: ups
SYN	proj/urm5	0	crs-tgt: Unknown projection: urm5
SYN	proj/urm5	1	crs-tgt: Unknown projection: urm5
SYN	proj/urm5	2	crs-tgt: Unknown projection: urm5
SYN	proj/urm5	3	crs-tgt: Unknown projection: urm5
SYN	proj/urm5	4	crs-tgt: Unknown projection: urm5
SYN	proj/vandg2	0	crs-tgt: Unknown projection: vandg2
SYN	proj/vandg2	1	crs-tgt: Unknown projection: vandg2
SYN	proj/vandg2	2	crs-tgt: Unknown projection: vandg2
SYN	proj/vandg2	3	crs-tgt: Unknown projection: vandg2
SYN	proj/vandg2	4	crs-tgt: Unknown projection: vandg2
SYN	proj/vandg3	0	crs-tgt: Unknown projection: vandg3
SYN	proj/vandg3	1	crs-tgt: Unknown projection: vandg3
SYN	proj/vandg3	2	crs-tgt: Unknown projection: vandg3
SYN	proj/vandg3	3	crs-tgt: Unknown projection: vandg3
SYN	proj/vandg3	4	crs-tgt: Unknown projection: vandg3
SYN	proj/vandg4	0	crs-tgt: Unknown projection: vandg4
SYN	proj/vandg4	1	crs-tgt: Unknown projection: vandg4
SYN	proj/vandg4	2	crs-tgt: Unknown projection: vandg4
SYN	proj/vandg4	3	crs-tgt: Unknown projection: vandg4
SYN	proj/vandg4	4	crs-tgt: Unknown projection: vandg4
SYN	proj/vertoffset	0	crs-tgt: Unknown projection: vertoffset
SYN	proj/vertoffset	1	crs-tgt: Unknown projection: vertoffset
SYN	proj/vertoffset	2	crs-tgt: Unknown projection: vertoffset
SYN	proj/vertoffset	3	crs-tgt: Unknown projection: vertoffset
SYN	proj/vertoffset	4	crs-tgt: Unknown projection: vertoffset
SYN	proj/vgridshift	0	crs-tgt: Unknown projection: vgridshift
SYN	proj/vgridshift	1	crs-tgt: Unknown projection: vgridshift
SYN	proj/vgridshift	2	crs-tgt: Unknown projection: vgridshift
SYN	proj/vgridshift	3	crs-tgt: Unknown projection: vgridshift
SYN	proj/vgridshift	4	crs-tgt: Unknown projection: vgridshift
SYN	proj/wag6	0	crs-tgt: Unknown projection: wag6
SYN	proj/wag6	1	crs-tgt: Unknown projection: wag6
SYN	proj/wag6	2	crs-tgt: Unknown projection: wag6
SYN	proj/wag6	3	crs-tgt: Unknown projection: wag6
SYN	proj/wag6	4	crs-tgt: Unknown projection: wag6
SYN	proj/webmerc	0	crs-tgt: Unknown projection: webmerc
SYN	proj/webmerc	1	crs-tgt: Unknown projection: webmerc
SYN	proj/webmerc	2	crs-tgt: Unknown projection: webmerc
SYN	proj/webmerc	3	crs-tgt: Unknown projection: webmerc
SYN	proj/webmerc	4	crs-tgt: Unknown projection: webmerc
SYN	proj/wink1	0	crs-tgt: Unknown projection: wink1
SYN	proj/wink1	1	crs-tgt: Unknown projection: wink1
SYN	proj/wink1	2	crs-tgt: Unknown projection: wink1
SYN	proj/wink1	3	crs-tgt: Unknown projection: wink1
SYN	proj/wink1	4	crs-tgt: Unknown projection: wink1
SYN	proj/wink2	0	crs-tgt: Unknown projection: wink2
SYN	proj/wink2	1	crs-tgt: Unknown projection: wink2
SYN	proj/wink2	2	crs-tgt: Unknown projection: wink2
SYN	proj/wink2	3	crs-tgt: Unknown projection: wink2
SYN	proj/wink2	4	crs-tgt: Unknown projection: wink2
SYN	proj/xyzgridshift	0	crs-tgt: Unknown projection: xyzgridshift
SYN	proj/xyzgridshift	1	crs-tgt: Unknown projection: xyzgridshift
SYN	proj/xyzgridshift	2	crs-tgt: Unknown projection: xyzgridshift
SYN	proj/xyzgridshift	3	crs-tgt: Unknown projection: xyzgridshift
SYN	proj/xyzgridshift	4	crs-tgt: Unknown projection: xyzgridshift
